track_id,track_name,track_artist,track_popularity,track_album_release_date,playlist_name,playlist_id,danceability,energy,valence
6iPoB3QofIjniCFVyLzO6b,Aanewala Pal,Kishore Kumar,0,1996,Hindi 60s-70s,7xhJAbAgeZnLy1XeoAhrxh,0.483,0.528,0.636
5ct1ZoLsrjMRsuYMaFN6n3,Chithhi Aayi Hai,Laxmikant–Pyarelal,0,2009-11-30,Hindi 60s-70s,7xhJAbAgeZnLy1XeoAhrxh,0.478,0.763,0.686
6xCnMMPkIIhn3QyGJgd5xd,Ae Mere Zohra Jabeen,"Ravi, Sahir Ludhianvi",56,1965-07-28,Hindi 60s-70s,7xhJAbAgeZnLy1XeoAhrxh,0.441,0.463,0.514
0C4tVv3KPU8ntwMNnBhek7,Abhi Na Jao Chhod Kar,Mohammed Rafi,0,2008-01-01,Hindi 60s-70s,7xhJAbAgeZnLy1XeoAhrxh,0.592,0.377,0.55
6RC3p2RgqBdhL7r7fxhm7s,Kisi Ki Muskurahaton Se,Mukesh,0,2008-01-01,Hindi 60s-70s,7xhJAbAgeZnLy1XeoAhrxh,0.413,0.452,0.828
1ctkDg97d6Blg0Ny4g3Sct,Suhana safar,Mukesh,0,2011-05-11,Hindi 60s-70s,7xhJAbAgeZnLy1XeoAhrxh,0.466,0.481,0.742
6Ry6ewFsGGuOJUzmaZ5jeZ,Babuji Dheere Chalna,"O. P. Nayyar, Anju Matthews, Majrooh Sultanpuri",43,1954-01-01,Hindi 60s-70s,7xhJAbAgeZnLy1XeoAhrxh,0.544,0.26,0.925
1KZoDb3eY0lnRJfcaf3avv,Chhod Do Aanchal,Various Artists,0,2005-01-01,Hindi 60s-70s,7xhJAbAgeZnLy1XeoAhrxh,0.685,0.356,0.901
2Ww56nJ6yPppfLqZfJuYDr,Kora Kaghaz Tha,Various Artists,0,2008-12-01,Hindi 60s-70s,7xhJAbAgeZnLy1XeoAhrxh,0.326,0.346,0.537
0p7EstNUg5VYyD8jxs1Na7,Hai Apna Dil To Aawara - Happy,S. D. Burman,53,1958-01-01,Hindi 60s-70s,7xhJAbAgeZnLy1XeoAhrxh,0.605,0.469,0.934
4QxId3qd64qn1VrdV0GXRy,Dard-E-Dil,Various Artists,0,2008-12-01,Hindi 60s-70s,7xhJAbAgeZnLy1XeoAhrxh,0.383,0.49,0.382
6URLH4jwJoGdkM0uAFyUmU,Aaja Piya Tohe Pyar Doon,R. D. Burman,0,2009-01-01,Hindi 60s-70s,7xhJAbAgeZnLy1XeoAhrxh,0.511,0.34,0.293
78olovb0sx0dn7QaXNJiFm,Yeh Jo Mohabbat Hai,"Khaiyyaam, Rahul Dev Burman",0,2009-01-01,Hindi 60s-70s,7xhJAbAgeZnLy1XeoAhrxh,0.32,0.659,0.732
4boC03KtpZ8qEbilUKLIwa,Main Pal Do Pal Ka Shair Hoon,"Khaiyyaam, Rahul Dev Burman",0,2009-01-01,Hindi 60s-70s,7xhJAbAgeZnLy1XeoAhrxh,0.572,0.316,0.517
1J9HqlBqokexuB3OMtI4Sm,Pyar Diwana Hota Hai,Kishore Kumar,0,1996,Hindi 60s-70s,7xhJAbAgeZnLy1XeoAhrxh,0.536,0.405,0.709
3qVHtYWmriPVygstEKHR8y,Ajeeb Dastaan Hai Yeh,Lata Mangeshkar,11,2000-08-11,Hindi 60s-70s,7xhJAbAgeZnLy1XeoAhrxh,0.392,0.481,0.739
2iROm9Bk8r8cJC1xnhf8km,Tujhse Naraz (male),"Arati Mukherjee, Bhupinder, Suresh Wadkar, Vanita Mishra, Gauri Bapat, Gurpreet Kaur, Anup Ghoshal, Lata Mangeshkar",0,2004-06-01,Hindi 60s-70s,7xhJAbAgeZnLy1XeoAhrxh,0.569,0.48,0.605
3vWeOPbxiunq7mNC1olR1O,O Mere Dil Ke Chain,Kishore Kumar,0,2010-01-01,Hindi 60s-70s,7xhJAbAgeZnLy1XeoAhrxh,0.466,0.515,0.59
0CJxbEvWX9PXSgcAwMo6aG,Chura Liya Hai Tumne,"Asha Bhosle, Kishore Kumar, R. D. Burman, Mohd. Rafi, Lata Mangeshkar, Padmini, Shivangi",0,2004-06-01,Hindi 60s-70s,7xhJAbAgeZnLy1XeoAhrxh,0.5,0.371,0.692
0UBMvZdGjAZczGlBJ1YlsH,Yaadon Ki Baaraat,Mohammed Rafi,0,2008-01-01,Hindi 60s-70s,7xhJAbAgeZnLy1XeoAhrxh,0.286,0.592,0.613
2sOxpTUEw3dP67Yusm3aGA,Jaane Kyon Log Mohabbat Kiya Karte Hain (Revival),Lata Mangeshkar,0,2009-01-01,Hindi 60s-70s,7xhJAbAgeZnLy1XeoAhrxh,0.396,0.449,0.405
5WoZSqt4OwvxXD4S18HHvJ,Tum Ko Dekha To Yeh Khayal Aaya,Jagjit Singh,0,2009-11-17,Hindi 60s-70s,7xhJAbAgeZnLy1XeoAhrxh,0.256,0.334,0.293
1mg4j5esnF70Om2h4La9Oz,Hamen Tumse Pyar Kitna /,Kishore Kumar,0,2009-01-01,Hindi 60s-70s,7xhJAbAgeZnLy1XeoAhrxh,0.505,0.593,0.424
175xZLl5QUb4JHXDwS8vqp,Zindagi Ka Safar,Kishore Kumar,0,2002-03-13,Hindi 60s-70s,7xhJAbAgeZnLy1XeoAhrxh,0.34,0.407,0.367
7gkanQe9WJ3USX11mQ4AgQ,Jeena Yahan Marna,"Manna Dey, Asha Bhosle, Mukesh, Mohd. Rafi, Simi",0,2004-06-01,Hindi 60s-70s,7xhJAbAgeZnLy1XeoAhrxh,0.246,0.624,0.496
24QILcvVKyxSZVJ2jI1ZPg,O Saathi Re,Kishore Kumar,0,1996,Hindi 60s-70s,7xhJAbAgeZnLy1XeoAhrxh,0.29,0.529,0.462
1mApmPXBsLVpkSkt2aKep0,Yeh Zindagi Usiki Hai - Anarkali Soundtrack,Various Artists,0,2009-12-28,Hindi 60s-70s,7xhJAbAgeZnLy1XeoAhrxh,0.438,0.28,0.798
12JCXQRkAIGP3fbDHtQxzD,Chaudhvin Ka Chand,Mohammed Rafi,0,2004-09-01,Hindi 60s-70s,7xhJAbAgeZnLy1XeoAhrxh,0.31,0.213,0.543
7hMPmlTjA6os2k2f4iNgJX,Kasmen Wade Pyar Wafa (1968),Various Artists,0,2007-08-14,Hindi 60s-70s,7xhJAbAgeZnLy1XeoAhrxh,0.353,0.345,0.371
61sRvpoIApbRfFLmnENjve,Yeh Mera Dil,Various Artists,0,2005-01-01,Hindi 60s-70s,7xhJAbAgeZnLy1XeoAhrxh,0.487,0.59,0.473
5sETCgjWnRx1ZGZGQX8WKS,O Mere Sona Re Sona,Various Artists,0,1957-12-31,Hindi 60s-70s,7xhJAbAgeZnLy1XeoAhrxh,0.659,0.468,0.882
5FLGB04Lf5MdgsaKCzD30t,Kabhi Aar Kabhi Paar,"Geeta Dutt, Shamshad Begum, Mohd. Rafi",0,2004-06-01,Hindi 60s-70s,7xhJAbAgeZnLy1XeoAhrxh,0.673,0.734,0.901
4kgn4E5IvDyxf3G7sR0pk6,MERI BINDIYA,Various Artists,0,1989-12-31,Hindi 60s-70s,7xhJAbAgeZnLy1XeoAhrxh,0.433,0.722,0.667
54BXPZrabCS0mgJXlzdnpU,Mere Samnewali Khidki Mein,Various Artists,0,2010-01-01,Hindi 60s-70s,7xhJAbAgeZnLy1XeoAhrxh,0.705,0.591,0.768
2HHcEmmIKWZ8pp3zUJTvkv,Pukarta Chala Hoon,Various Artists,0,2005-01-01,Hindi 60s-70s,7xhJAbAgeZnLy1XeoAhrxh,0.614,0.412,0.626
4qFcEOeNeH8EwOSvu2d90e,Pyar Hua Iqrar Hua,Shankar Jaikishan,0,2009-01-01,Hindi 60s-70s,7xhJAbAgeZnLy1XeoAhrxh,0.467,0.471,0.766
1rTZG5aDi7BD6riNesf5Lg,Mera Joota Hai Japani (1955),Various Artists,0,2007-08-14,Hindi 60s-70s,7xhJAbAgeZnLy1XeoAhrxh,0.765,0.569,0.965
1SCCBmF6LucKLNpMJKopvO,Goom Hai Kisi Ke Pyar Mein (1972),Various Artists,0,2007-08-14,Hindi 60s-70s,7xhJAbAgeZnLy1XeoAhrxh,0.598,0.312,0.62
1wTiollBhRPb7LautWIHfo,Ek Ladki Bheegi Bhagi Si,Kishore Kumar,0,2009-01-01,Hindi 60s-70s,7xhJAbAgeZnLy1XeoAhrxh,0.626,0.476,0.842
1bN9JVsJFX5pZS85d22iCo,Tere Mere Milan Ki Yeh Raina,Kishore Kumar,0,2007-01-01,Hindi 60s-70s,7xhJAbAgeZnLy1XeoAhrxh,0.283,0.482,0.578
10M3KiRbSAn1849UM626BF,Intaha Ho Gai Intezar Ki,Kishore Kumar,0,2007-01-01,Hindi 60s-70s,7xhJAbAgeZnLy1XeoAhrxh,0.413,0.49,0.404
7dAwelhlyQkIA3KDeWIqGt,Rang Barse Bheege Chunarwali,Shiv Hari,0,1981-05-18,Hindi 60s-70s,7xhJAbAgeZnLy1XeoAhrxh,0.648,0.5,0.596
1k21KAedv6hoz3pq0XPk6N,Laila O Laila - Qurbani / Suondtrack Version,Various Artists,0,1980,Hindi 60s-70s,7xhJAbAgeZnLy1XeoAhrxh,0.655,0.537,0.808
3qfryX8xMGWgCspz7qKs8x,Roop Tera Mastana,Various Artists,0,1989-05-06,Hindi 60s-70s,7xhJAbAgeZnLy1XeoAhrxh,0.459,0.48,0.563
589V53bqH0F0gFeIkQMRRH,Mere Sapnon Ki Rani,Various Artists,0,1969-12-31,Hindi 60s-70s,7xhJAbAgeZnLy1XeoAhrxh,0.504,0.532,0.769
7xrB8PttetgSGlNY20DeIo,Kora Kagaz Tha Yeh Man Mera,Various Artists,0,1989-05-06,Hindi 60s-70s,7xhJAbAgeZnLy1XeoAhrxh,0.32,0.369,0.693
2g0TIg8y4Mfoz2tMGqTfL1,Tere Ghar Ke Samne,S. D. Burman,0,2004-03-24,Hindi 60s-70s,7xhJAbAgeZnLy1XeoAhrxh,0.466,0.554,0.654
6VGsdo0WVGiD5EpKOjpFE3,"Dum Maro Dum Mit Jaye Gham - From ""Hare Rama Hare Krishna""",Asha Bhosle,0,2013-03-05,Hindi 60s-70s,7xhJAbAgeZnLy1XeoAhrxh,0.491,0.548,0.446
0Ke4YAP2BNhXQ4a7VpfLu8,Pardah Hai Pardah - Amar Akbar Anthony / Soundtrack Version,Various Artists,9,1981,Hindi 60s-70s,7xhJAbAgeZnLy1XeoAhrxh,0.393,0.744,0.584
3tVFo98BNvCegAt05AgwOa,Jimmy Jimmy Jimmy Aaja,Bappi Lahiri,0,1982-12-01,Hindi 60s-70s,7xhJAbAgeZnLy1XeoAhrxh,0.86,0.545,0.723
4H54zzpljpcr525Fbip9YN,"Dil Cheez Kya Hai - From ""Umrao Jaan""",Asha Bhosle,0,2015-04-06,Hindi 60s-70s,7xhJAbAgeZnLy1XeoAhrxh,0.459,0.652,0.519
6GWWLpu5i8cgDP1htqy531,"Chalte Chalte Yun Hi Koi - From ""Pakeezah""",Lata Mangeshkar,0,2014-01-01,Hindi 60s-70s,7xhJAbAgeZnLy1XeoAhrxh,0.447,0.427,0.575
192lgCrMPO5MnLhKUZv0Sm,Piya Tuu Ab To Aaja,R. D. Burman,0,2007-09-11,Hindi 60s-70s,7xhJAbAgeZnLy1XeoAhrxh,0.492,0.576,0.425
5ZOc5jaiDgsk6nGvOSXATH,"Aap Jaisa Koi - From ""Qurbani""",Various Artists,12,2014-09-24,Hindi 60s-70s,7xhJAbAgeZnLy1XeoAhrxh,0.712,0.529,0.962
0vMJwNHrHkc6lAjOyOCJeC,"Ho Pardesia - From ""Mr. Natwarlal""",Lata Mangeshkar,0,2016-09-22,Hindi 60s-70s,7xhJAbAgeZnLy1XeoAhrxh,0.444,0.654,0.696
1touytqcBn0VUt7xmQGQRE,"Khoya Khoya Chand Khula Aasman - From ""Kala Bazar""",Mohammed Rafi,0,2015-12-17,Hindi 60s-70s,7xhJAbAgeZnLy1XeoAhrxh,0.497,0.549,0.74
5R1xalK5So0MzDVtWHCTGC,"Baar Baar Dekho Hazar Baar Dekho - From ""China Town""",Mohammed Rafi,0,2015-12-17,Hindi 60s-70s,7xhJAbAgeZnLy1XeoAhrxh,0.534,0.525,0.876
1MuD8fSzjCloY9bUVXVLkl,"Kya Hua Tera Vada - From ""Hum Kisise Kum Naheen""",Mohammed Rafi,0,2015-12-17,Hindi 60s-70s,7xhJAbAgeZnLy1XeoAhrxh,0.498,0.455,0.646
0QmHlC1k7PnMhWHoUjbaEl,Pyar Kiya To Darna Kya - Mugal E Azam Soundtrack,Various Artists,0,2009-12-28,Hindi 60s-70s,7xhJAbAgeZnLy1XeoAhrxh,0.433,0.313,0.903
6mneUGlLoeoMbDx2D5J7t7,"Chura Liya Hai Tumne Jo Dil Ko - From ""Yaadon Ki Baaraat""",Mohammed Rafi,0,2014-11-12,Hindi 60s-70s,7xhJAbAgeZnLy1XeoAhrxh,0.559,0.318,0.684
6tsqUfd89LVm84A94QNxcq,Tere Chehre Se Nazar Nahin,Various Artists,0,2009-01-01,Hindi 60s-70s,7xhJAbAgeZnLy1XeoAhrxh,0.489,0.418,0.637
6sW7QqYyv6RMGxxOHACwdN,Yeh Ladka Hai Allah,Mohammed Rafi,0,2004,Hindi 60s-70s,7xhJAbAgeZnLy1XeoAhrxh,0.477,0.38,0.654
3zTI7XfDMIhbLiA9lOwTuR,My Name Is Anthony Gonsalves - Amar Akbar Anthony / Soundtrack Version,Various Artists,7,1981,Hindi 60s-70s,7xhJAbAgeZnLy1XeoAhrxh,0.634,0.594,0.801
2m1RLlmjUujd7z10OzvjAO,Amar Akbar Anthony - Amar Akbar Anthony / Soundtrack Version,Various Artists,2,1981,Hindi 60s-70s,7xhJAbAgeZnLy1XeoAhrxh,0.293,0.642,0.674
6pnOK6DjhTFmRhlppvuJC4,Main Chali Main Chali...,Various Artists,0,2010-01-01,Hindi 60s-70s,7xhJAbAgeZnLy1XeoAhrxh,0.512,0.622,0.831
4A0yDluE2XEY793KxslQmy,"Achha To Hum Chalte Hain - From ""Aan Milo Sajna""","Lata Mangeshkar, Kishore Kumar",0,2015-12-10,Hindi 60s-70s,7xhJAbAgeZnLy1XeoAhrxh,0.499,0.373,0.708
4a7p8HxCBcLdaTAZF4A4l4,"Gaata Rahe Mera Dil - From ""Guide""","Lata Mangeshkar, Kishore Kumar",0,2015-12-10,Hindi 60s-70s,7xhJAbAgeZnLy1XeoAhrxh,0.439,0.516,0.753
2PXZvXz3q9AuRv5h55nwzG,"Yeh Dosti Hum Nahin - Happy Version / From ""Sholay""",Various Artists,38,2015-08-14,Hindi 60s-70s,7xhJAbAgeZnLy1XeoAhrxh,0.474,0.618,0.641
4b4xGrEDd0nLJsSGSCQGNm,Kabhi Aar Kabhi Paar - Remix,Sona Mohapatra,0,2004-12-01,Hindi 60s-70s,7xhJAbAgeZnLy1XeoAhrxh,0.788,0.79,0.546
2iM8LnDyJQOYmBjmHtLpsR,Lag Ja Gale Se Phir,Madan Mohan,0,2013-11-01,Hindi 60s-70s,7xhJAbAgeZnLy1XeoAhrxh,0.336,0.376,0.374
6R8Ai2lNsusm7K7LSvNEHS,Disco Deewane,Nazia & Zoheb Hassan,48,1985-12-01,Hindi 60s-70s,7xhJAbAgeZnLy1XeoAhrxh,0.731,0.474,0.961
7c7KDiMalI9fXzmi3laH7o,"Taarif Karoon Kya Uski - From ""Kashmir Ki Kali""",Mohammed Rafi,0,2014-05-05,Hindi 60s-70s,7xhJAbAgeZnLy1XeoAhrxh,0.601,0.46,0.831
2kNNaYRKZHmO9OYM5Rq7v0,Chanda O Chanda,Various Artists,0,2000-01-02,Hindi 60s-70s,7xhJAbAgeZnLy1XeoAhrxh,0.523,0.26,0.561
5vZYBUjVtsY6JyNUwscES1,Aao Huzoor Tumko,O. P. Nayyar,0,1968-12-31,Hindi 60s-70s,7xhJAbAgeZnLy1XeoAhrxh,0.492,0.213,0.515
1YFaJi0WfHADuRW9ICaKov,Raat Baaqi Baat Baaqi,Bappi Lahiri,0,1982-12-01,Hindi 60s-70s,7xhJAbAgeZnLy1XeoAhrxh,0.632,0.35,0.222
10N2Fe8eJ7D3rznvhyInRe,"Apni To Jaise Taise - From ""Laawaris""",Kishore Kumar,0,2017-04-25,Hindi 60s-70s,7xhJAbAgeZnLy1XeoAhrxh,0.52,0.819,0.775
6JQoFDcFGEIe7Fb8v8XkMq,Mere Angne Men - Version 1,Kalyanji-Anandji,0,1981-12-31,Hindi 60s-70s,7xhJAbAgeZnLy1XeoAhrxh,0.581,0.518,0.85
5MYyt4LoL7WKGZC6cVZGkI,"Tera Mujhse - From ""Aa Gale Lag Jaa""",Kishore Kumar,29,2012-01-01,Hindi 60s-70s,7xhJAbAgeZnLy1XeoAhrxh,0.336,0.697,0.501
23KrpKH5sw76ol6xi1aW3l,"Chand Si Mehbooba Ho Meri - From ""Himalay Ki God Mein""",Mukesh,0,2017-04-25,Hindi 60s-70s,7xhJAbAgeZnLy1XeoAhrxh,0.346,0.334,0.692
5YuuJ8cJx7QDiBCJnEuUuj,"Yeh Kahan Aa Gaye Hum, Pt. 1",Shiv Hari,0,1981-05-18,Hindi 60s-70s,7xhJAbAgeZnLy1XeoAhrxh,0.395,0.341,0.22
3tXmVOSSEIQpF9AHV7kOYC,Rula Ke Gaya,S. D. Burman,21,1967-12-30,Hindi 60s-70s,7xhJAbAgeZnLy1XeoAhrxh,0.476,0.255,0.308
2swSa0NQv8Miu2fXj8pLh0,In Ankhon Ki Masti,Khayyam,43,1981-12-01,Hindi 60s-70s,7xhJAbAgeZnLy1XeoAhrxh,0.516,0.46,0.5
5cXL2VUFoS6swssv1lpZZO,"Gulabi Ankhen - From ""The Train""",Various Artists,48,1970-01-01,Hindi 60s-70s,7xhJAbAgeZnLy1XeoAhrxh,0.573,0.741,0.672
1f23zyzsTfwbj4z87FFXoE,Chalo Dildar Cholo,Ghulam Mohammed,6,1977-12-31,Hindi 60s-70s,7xhJAbAgeZnLy1XeoAhrxh,0.349,0.536,0.849
1W38PerB8xfJLYQ1da3y15,Dil tadap tadap ke,Mukesh,0,2011-05-11,Hindi 60s-70s,7xhJAbAgeZnLy1XeoAhrxh,0.632,0.45,0.966
7mLX4f55VbAPMWl0jJg6MZ,Puchho Na Yaar Kya Hua - Zamaane Ko Dikhana Hai / soundtrack Version,Various Artists,0,1981,Hindi 60s-70s,7xhJAbAgeZnLy1XeoAhrxh,0.556,0.489,0.702
03InC6qJcDS4zJdRVgxrVB,"Bechara Dil Kya Kare - From ""Khushboo""",R. D. Burman,0,2016-06-20,Hindi 60s-70s,7xhJAbAgeZnLy1XeoAhrxh,0.458,0.281,0.751
6piaUZ902sp5Qm2n1CxGzU,"Dil Kya Kare - From ""Julie""",Kishore Kumar,28,2012-01-01,Hindi 60s-70s,7xhJAbAgeZnLy1XeoAhrxh,0.426,0.578,0.46
6RvsORy8pptAzywuGoSna5,Dekha Ek Khwab,Shiv Hari,0,1981-05-18,Hindi 60s-70s,7xhJAbAgeZnLy1XeoAhrxh,0.415,0.349,0.347
5cjwMtWieH57DwbWVBhHCe,Hansta Hua Noorani Chehra,Laxmikant–Pyarelal,28,2013-11-01,Hindi 60s-70s,7xhJAbAgeZnLy1XeoAhrxh,0.475,0.58,0.813
5cYRucvgSLupLFzYkOqgPF,"Sajan Re Jhoot Mat Bolo - From ""Teesri Kasam""",Mukesh,0,2017-04-25,Hindi 60s-70s,7xhJAbAgeZnLy1XeoAhrxh,0.368,0.431,0.946
5d6W1pdS9LCapYiKKaUIcr,Ude Jab Jab Zulfe Teri,Various Artists,0,2012-04-10,Hindi 60s-70s,7xhJAbAgeZnLy1XeoAhrxh,0.492,0.693,0.965
02zPo0Dt0R4TTFY5zLJZnK,Neele Neele Ambar Par - Male Version,Kalyanji-Anandji,69,1983-06-10,Hindi 60s-70s,7xhJAbAgeZnLy1XeoAhrxh,0.562,0.696,0.722
03FprOEWxZv5KIdrHHtAD5,"Bahon Mein Chale Aao (From ""Anamika"")",Lata Mangeshkar,25,2018-02-28,Hindi 60s-70s,7xhJAbAgeZnLy1XeoAhrxh,0.482,0.212,0.615
4mvkokOAbfjx2J2TVgwVtf,Aaja Sanam Madhur Chandni Men,Shankar Jaikishan,42,1957-08-28,Hindi 60s-70s,7xhJAbAgeZnLy1XeoAhrxh,0.451,0.441,0.811
1Knb9LvE9jMf7q26rcPWaE,Beqarar Karke Hamen Yun Na Jaiye,Hemant Kumar,39,1961-12-01,Hindi 60s-70s,7xhJAbAgeZnLy1XeoAhrxh,0.671,0.446,0.747
7nbsgTbBCkHv6X1CaDIzV3,Kabhi Aar Kabhi Paar,O. P. Nayyar,22,1954-12-31,Hindi 60s-70s,7xhJAbAgeZnLy1XeoAhrxh,0.67,0.753,0.906
4e7yGjCCDy5bh7EyM7JQSV,Leke Pahla Pahla Pyar,O. P. Nayyar,21,1956-12-30,Hindi 60s-70s,7xhJAbAgeZnLy1XeoAhrxh,0.627,0.538,0.925
3PabYvaXPUp0oDNb9DrvRn,Udhar Tum Hasin Ho,O. P. Nayyar,6,1955-12-01,Hindi 60s-70s,7xhJAbAgeZnLy1XeoAhrxh,0.402,0.423,0.747
1GjSGgT0KfcsUzIQKx246t,Sote Sote Aadhi Raat,Sapan Jagmohan,14,1983-01-01,Hindi 60s-70s,7xhJAbAgeZnLy1XeoAhrxh,0.522,0.747,0.85
6Kld4dUHU3Yh1zNjZJenEb,Fixing a Broken Heart - Solo Version,Indecent Obsession,63,1993,"60's, 70's, 80's love song",0UX4xBUNaotLQYLC3fvfKC,0.404,0.377,0.349
7Ewz6bJ97vUqk5HdkvguFQ,Heaven,Bryan Adams,81,1984-11-05,"60's, 70's, 80's love song",0UX4xBUNaotLQYLC3fvfKC,0.382,0.589,0.335
54RYErRBNUQ32jvtwVYFwM,Heaven Knows,Rick Price,62,1992-01-01,"60's, 70's, 80's love song",0UX4xBUNaotLQYLC3fvfKC,0.461,0.301,0.188
4C8qZRxrteBY9F8r2oZrV3,You're All I Need,White Lion,61,1991-03-26,"60's, 70's, 80's love song",0UX4xBUNaotLQYLC3fvfKC,0.506,0.539,0.208
7dQC53NiYOY9gKg3Qsu2Bs,All Out of Love,Air Supply,75,1980-02-25,"60's, 70's, 80's love song",0UX4xBUNaotLQYLC3fvfKC,0.513,0.262,0.357
75UoXjRBibZdgsBdXxSpd1,King and Queen of Hearts,David Pomeranz,44,2006-09-26,"60's, 70's, 80's love song",0UX4xBUNaotLQYLC3fvfKC,0.514,0.452,0.213
0rKPoDE9Bm4OcZeyHrHZnV,Just Once - New Version,James Ingram,66,1999-04-12,"60's, 70's, 80's love song",0UX4xBUNaotLQYLC3fvfKC,0.622,0.49,0.324
5V5eCLSxm7JWLj9vOcNLIw,Valentine,Jim Brickman,45,1994,"60's, 70's, 80's love song",0UX4xBUNaotLQYLC3fvfKC,0.523,0.26,0.164
4c8jWog32ctnWEuonvOy7j,Can't Cry Hard Enough,The Williams Brothers,57,1991-04-26,"60's, 70's, 80's love song",0UX4xBUNaotLQYLC3fvfKC,0.444,0.199,0.32
1gVgkQFOKa8Wc1HYsJtPdH,More Than Words,Extreme,78,1990-01-01,"60's, 70's, 80's love song",0UX4xBUNaotLQYLC3fvfKC,0.626,0.134,0.239
4LFwNJWoj74Yd71fIr1W8x,Right Here Waiting,Richard Marx,78,1989-01-01,"60's, 70's, 80's love song",0UX4xBUNaotLQYLC3fvfKC,0.395,0.252,0.126
01MXkFA8sL7at6txavDErt,Making Love Out of Nothing at All,Air Supply,73,2018-02-02,"60's, 70's, 80's love song",0UX4xBUNaotLQYLC3fvfKC,0.388,0.72,0.554
23IWhAK0cYRwnBT5EE8i3u,Don't give up on us,David Soul,65,1976-01-01,"60's, 70's, 80's love song",0UX4xBUNaotLQYLC3fvfKC,0.256,0.335,0.415
7nlDAJZuqDpNx7fRcN6Vgy,Got To Believe In Magic,David Pomeranz,42,2006-09-26,"60's, 70's, 80's love song",0UX4xBUNaotLQYLC3fvfKC,0.499,0.486,0.304
3HLgjHYaEhKFvV4SSvI9Te,Love Will Lead You Back,Taylor Dayne,63,1989-10-07,"60's, 70's, 80's love song",0UX4xBUNaotLQYLC3fvfKC,0.547,0.513,0.2
3PzRorFjaBKjYaIXFKxvMK,I'll Always Love You,Michael Johnson,0,1997-08-15,"60's, 70's, 80's love song",0UX4xBUNaotLQYLC3fvfKC,0.489,0.102,0.23
57DRDn3OKZyKQniRNAjYIQ,Til Death Do Us Part,White Lion,55,1991-03-26,"60's, 70's, 80's love song",0UX4xBUNaotLQYLC3fvfKC,0.493,0.476,0.149
2w4EpqGasrz9qdTwocx54t,Open Arms,Journey,72,1981,"60's, 70's, 80's love song",0UX4xBUNaotLQYLC3fvfKC,0.405,0.21,0.174
5WwqdeavrQrbeAMDxGawse,Can't Fight This Feeling,REO Speedwagon,75,1984-11-05,"60's, 70's, 80's love song",0UX4xBUNaotLQYLC3fvfKC,0.408,0.48,0.19
0vB4Vd6PtkJSEnWsmqATnZ,Nothing's Gonna Change My Love for You,George Benson,75,1985-01-15,"60's, 70's, 80's love song",0UX4xBUNaotLQYLC3fvfKC,0.553,0.614,0.345
2vEQ9zBiwbAVXzS2SOxodY,Nothing's Gonna Stop Us Now,Starship,0,1987,"60's, 70's, 80's love song",0UX4xBUNaotLQYLC3fvfKC,0.643,0.801,0.534
5TXOVsehL5dkMTQogRu2vC,The Gift (feat. Collin Raye & Susan Ashton),Jim Brickman,32,1994,"60's, 70's, 80's love song",0UX4xBUNaotLQYLC3fvfKC,0.514,0.322,0.276
1fDmIkJoVxPge6hAxwJIM9,Miss You Like Crazy,Natalie Cole,0,1989,"60's, 70's, 80's love song",0UX4xBUNaotLQYLC3fvfKC,0.596,0.546,0.255
7otvcJ8zAsoCxNnMu2ITeG,Almost Over You - 1993 Remastered Version,Sheena Easton,52,1993-06-07,"60's, 70's, 80's love song",0UX4xBUNaotLQYLC3fvfKC,0.327,0.292,0.278
56ilrbKJF2bph5W6eZaM5E,Longer,Dan Fogelberg,64,1979-11,"60's, 70's, 80's love song",0UX4xBUNaotLQYLC3fvfKC,0.308,0.0427,0.383
7I8SSkFZDYXbHcH1l1J7WF,Destiny (feat. Jordan Hill & Billy Porter),Jim Brickman,37,1994,"60's, 70's, 80's love song",0UX4xBUNaotLQYLC3fvfKC,0.595,0.511,0.272
6qB7YcFpeBEQa0D6QO482y,"It Must Have Been Love - From the Film ""Pretty Woman""",Roxette,66,1995-10-23,"60's, 70's, 80's love song",0UX4xBUNaotLQYLC3fvfKC,0.52,0.652,0.722
6PMDILZiYo4YzMBbE0dGK9,Lost in Your Eyes,Debbie Gibson,68,1989-01-10,"60's, 70's, 80's love song",0UX4xBUNaotLQYLC3fvfKC,0.512,0.588,0.242
7prFpeH9fXA7cL6ZZWLePs,The Actor,Michael Learns To Rock,51,1991,"60's, 70's, 80's love song",0UX4xBUNaotLQYLC3fvfKC,0.701,0.569,0.523
6zWSB11sqCRMTAuWYkccCt,If Ever You're in My Arms Again,Peabo Bryson,63,1984,"60's, 70's, 80's love song",0UX4xBUNaotLQYLC3fvfKC,0.581,0.576,0.327
7azxfDmP972DZmgfpDFEme,Your Love,Jim Brickman,20,1994,"60's, 70's, 80's love song",0UX4xBUNaotLQYLC3fvfKC,0.592,0.424,0.224
1PZ854cVppp6r9PL6VkTPc,"Beauty and the Beast - from the Soundtrack ""Beauty and the Beast""",Céline Dion,0,1992,"60's, 70's, 80's love song",0UX4xBUNaotLQYLC3fvfKC,0.446,0.372,0.0961
5EL8hqM8YQJHKKnzGdahly,Dreaming Of You,Selena,70,1995,"60's, 70's, 80's love song",0UX4xBUNaotLQYLC3fvfKC,0.553,0.458,0.247
0YL8rCxASTV9uBE9Sur0Ag,Shower Me With Your Love,Surface,55,1988,"60's, 70's, 80's love song",0UX4xBUNaotLQYLC3fvfKC,0.632,0.356,0.197
26fx0jNtcjwfvH38JuEb8p,Only Reminds Me of You,St. Paul,0,1990-06-15,"60's, 70's, 80's love song",0UX4xBUNaotLQYLC3fvfKC,0.585,0.199,0.296
7Hmlt5u6t5ffYuGZ7M5emr,I'll Always Love You - Remastered 2002,Michael Johnson,38,2002-01-01,"60's, 70's, 80's love song",0UX4xBUNaotLQYLC3fvfKC,0.507,0.173,0.204
0tKjVEJlX3IZ5L1rEJc5hh,When I See You Smile,Bad English,66,1989-06-15,"60's, 70's, 80's love song",0UX4xBUNaotLQYLC3fvfKC,0.495,0.609,0.33
54b8qPFqYqIndfdxiLApea,Alone,Heart,78,1987-06-06,"60's, 70's, 80's love song",0UX4xBUNaotLQYLC3fvfKC,0.418,0.452,0.168
6G7PVlifniapyhDCmWS2VM,Crazy for You - Edit,Madonna,64,1990-11-09,"60's, 70's, 80's love song",0UX4xBUNaotLQYLC3fvfKC,0.672,0.549,0.588
3VWNwd48T1J9VR7cpcx4s1,One Friend,Dan Seals,56,1984-01-01,"60's, 70's, 80's love song",0UX4xBUNaotLQYLC3fvfKC,0.459,0.0565,0.386
5d4E1hgkLyb7sXr5J3InnM,You Needed Me,Anne Murray,65,1978,"60's, 70's, 80's love song",0UX4xBUNaotLQYLC3fvfKC,0.497,0.296,0.171
5g5EdgkfKVUceOTJtm0Kel,After All,Al Jarreau,55,1984,"60's, 70's, 80's love song",0UX4xBUNaotLQYLC3fvfKC,0.487,0.192,0.26
19wadMw1A8XejDV4p5wMt1,Didn't We Almost Have It All,Whitney Houston,64,1987-06-02,"60's, 70's, 80's love song",0UX4xBUNaotLQYLC3fvfKC,0.54,0.49,0.336
07KMr5Nz83b3hU7zcN7QOr,Nothing Can Stop Us Now,Rick Price,50,1995-06-28,"60's, 70's, 80's love song",0UX4xBUNaotLQYLC3fvfKC,0.491,0.265,0.411
1lx8ddGT5wCD6W2xmLeRKG,Saving All My Love for You,Whitney Houston,71,1985-02-14,"60's, 70's, 80's love song",0UX4xBUNaotLQYLC3fvfKC,0.636,0.264,0.264
7o9uu2GDtVDr9nsR7ZRN73,Time After Time,Cyndi Lauper,81,1983-10-14,"60's, 70's, 80's love song",0UX4xBUNaotLQYLC3fvfKC,0.726,0.449,0.294
22lpuZ2ZvLtLAwrvu8xgit,Parting Time,Rockstar,0,2010-01-06,"60's, 70's, 80's love song",0UX4xBUNaotLQYLC3fvfKC,0.364,0.212,0.112
2JRicL2f8tJl9TiQlH7vbJ,It's All Coming Back to Me Now,Céline Dion,0,1996-02-28,"60's, 70's, 80's love song",0UX4xBUNaotLQYLC3fvfKC,0.384,0.438,0.286
7ySbfLwdCwl1EM0zNCJZ38,One Sweet Day,Mariah Carey,71,1995-10-03,"60's, 70's, 80's love song",0UX4xBUNaotLQYLC3fvfKC,0.568,0.495,0.303
34E0Higz6fFVXlbVsn6TIW,Honesty,Billy Joel,65,1978-10-13,"60's, 70's, 80's love song",0UX4xBUNaotLQYLC3fvfKC,0.552,0.265,0.212
69l8nFPu0LWmnoJX7YSVYc,You've Got a Friend,James Taylor,0,1971,"60's, 70's, 80's love song",0UX4xBUNaotLQYLC3fvfKC,0.695,0.282,0.445
7gfh3jwjaSmGlB40uTMSeE,Reunited,Peaches & Herb,0,1978,"60's, 70's, 80's love song",0UX4xBUNaotLQYLC3fvfKC,0.559,0.496,0.36
7FN4IEA5O64DjkC18jpDih,"It Might Be You (Theme from ""Tootsie"") [Live]",Stephen Bishop,50,2014-07-11,"60's, 70's, 80's love song",0UX4xBUNaotLQYLC3fvfKC,0.538,0.354,0.285
3hS5RCp5EE1wUiiE7f8dM1,Go the Distance,Michael Bolton,59,1997-11-04,"60's, 70's, 80's love song",0UX4xBUNaotLQYLC3fvfKC,0.363,0.435,0.148
046MBhhgQJJghnbgZCkaAR,I Need You,LeAnn Rimes,62,2001-01-30,"60's, 70's, 80's love song",0UX4xBUNaotLQYLC3fvfKC,0.478,0.736,0.564
4FCb4CUbFCMNRkI6lYc1zI,Hero,Mariah Carey,57,1993-08-31,"60's, 70's, 80's love song",0UX4xBUNaotLQYLC3fvfKC,0.501,0.378,0.178
3iGK3VkBMYgN58bgZ3r8wc,Victims of Love,Joe Lamont,53,1985,"60's, 70's, 80's love song",0UX4xBUNaotLQYLC3fvfKC,0.536,0.501,0.212
3hYctzBStAGPRvahcZmJJF,No One Else Comes Close,Joe,61,1997-09-23,"60's, 70's, 80's love song",0UX4xBUNaotLQYLC3fvfKC,0.608,0.531,0.328
0c1gHntWjKD7QShC8s99sq,"I Don't Want to Miss a Thing - From the Touchstone film, ""Armageddon""",Aerosmith,0,1998-08-18,"60's, 70's, 80's love song",0UX4xBUNaotLQYLC3fvfKC,0.39,0.649,0.144
46LI9mnlQ8fJHH47ioBubg,When You Say Nothing At All,Keith Whitley,56,1994,"60's, 70's, 80's love song",0UX4xBUNaotLQYLC3fvfKC,0.509,0.242,0.448
5xM53GMJzt0g16Ke9islN4,How Do I Live - Songbook Version,Trisha Yearwood,40,1997-01-01,"60's, 70's, 80's love song",0UX4xBUNaotLQYLC3fvfKC,0.569,0.41,0.143
5RgFlk1fcClZd0Y4SGYhqH,She's Always a Woman,Billy Joel,76,1977,"60's, 70's, 80's love song",0UX4xBUNaotLQYLC3fvfKC,0.292,0.324,0.384
1XsFwPxVyhouqW6Qu71Ygm,Burn,Tina Arena,48,2004-11-06,"60's, 70's, 80's love song",0UX4xBUNaotLQYLC3fvfKC,0.451,0.656,0.308
78TnMTAFmWUWWCgNXR7D3K,Listen To Your Heart,Roxette,0,1988-10-19,"60's, 70's, 80's love song",0UX4xBUNaotLQYLC3fvfKC,0.539,0.583,0.337
29wJiSQcze8HEmxkUQykyp,Carrie,Europe,73,1986,"60's, 70's, 80's love song",0UX4xBUNaotLQYLC3fvfKC,0.455,0.487,0.139
1i5oEx2vFczQ2sCY3c6Kn5,Love Hurts,Nazareth,61,1975-01-01,"60's, 70's, 80's love song",0UX4xBUNaotLQYLC3fvfKC,0.485,0.328,0.138
47nJrlVeOWNEI4hppa7ha9,Passenger Seat,Stephen Speaks,1,2011-12-13,"60's, 70's, 80's love song",0UX4xBUNaotLQYLC3fvfKC,0.515,0.769,0.653
1kgdslQYmeTR4thk9whoRw,Tears in Heaven,Eric Clapton,71,1992-01-10,"60's, 70's, 80's love song",0UX4xBUNaotLQYLC3fvfKC,0.498,0.242,0.312
4IFYR5smTnHYCLP82AiDrJ,Officially Missing You,Tamia,54,2004,"60's, 70's, 80's love song",0UX4xBUNaotLQYLC3fvfKC,0.476,0.407,0.226
5ygPz0KLBbndd8kSx79W0e,If We Hold On Together,Diana Ross,39,1991-01-01,"60's, 70's, 80's love song",0UX4xBUNaotLQYLC3fvfKC,0.358,0.21,0.111
5sKZky0QHbyzl5jRX7NeMI,Moonlight Over Paris,Peter Mayer,45,1999-01-01,"60's, 70's, 80's love song",0UX4xBUNaotLQYLC3fvfKC,0.6,0.365,0.333
5Ihd9HrPvOADyVoonH9ZjB,Un-Break My Heart,Toni Braxton,71,1996-06-18,"60's, 70's, 80's love song",0UX4xBUNaotLQYLC3fvfKC,0.625,0.426,0.112
6KIko8NY60aL1EJegZ13P6,"Two Steps Behind (From ""Last Action Hero"")",The Cinematic Film Band,23,2015-02-27,"60's, 70's, 80's love song",0UX4xBUNaotLQYLC3fvfKC,0.45,0.338,0.315
7E0oDxiznJwmYwrWYunev4,Ordinary Song,Various Artists,0,2004-01-01,"60's, 70's, 80's love song",0UX4xBUNaotLQYLC3fvfKC,0.746,0.263,0.608
0G3Go6xh8oAD0yuXJfwtVp,Somewhere Down The Road - Unreleased demo,Barry Manilow,30,1992-11-10,"60's, 70's, 80's love song",0UX4xBUNaotLQYLC3fvfKC,0.471,0.146,0.272
1jFhnVoJkcB4lf9tT0rSZS,Unchained Melody,The Righteous Brothers,64,1990,"60's, 70's, 80's love song",0UX4xBUNaotLQYLC3fvfKC,0.361,0.219,0.26
2GfOI8ydrVAQc8jv8v2meM,Fixing A Broken Heart,Roméo,0,2012-06-14,"60's, 70's, 80's love song",0UX4xBUNaotLQYLC3fvfKC,0.533,0.31,0.265
0nDeOp4oP4wnwzr5aEXyRV,Friend of Mine,Odette Quesada,0,1984,"60's, 70's, 80's love song",0UX4xBUNaotLQYLC3fvfKC,0.349,0.2,0.169
2tFYV2RZGwRLCmfDqfI3OT,Leaving On A Jet Plane,Chantal Kreviazuk,51,2008-10-28,"60's, 70's, 80's love song",0UX4xBUNaotLQYLC3fvfKC,0.643,0.229,0.37
61sJQh19AcTBrX7P8LWLi0,Passenger Seat (Acoustic),Stephen Speaks,0,2001-09-04,"60's, 70's, 80's love song",0UX4xBUNaotLQYLC3fvfKC,0.549,0.437,0.688
71EHOyEOhNx1SzTebRRyng,Weak,SWV,71,1992-10-27,"60's, 70's, 80's love song",0UX4xBUNaotLQYLC3fvfKC,0.693,0.533,0.568
3FvCy00Wz75HmhlXPMmnOx,Superman (It's Not Easy),Five For Fighting,32,1997,"60's, 70's, 80's love song",0UX4xBUNaotLQYLC3fvfKC,0.523,0.464,0.176
5mToyWoRfFU64nKZIpYrGO,Tell Me Where It Hurts,Kathy Troccoli,49,1994,"60's, 70's, 80's love song",0UX4xBUNaotLQYLC3fvfKC,0.652,0.603,0.353
5LtQ6ATUs5MdV31jF794jg,I'll Never Love This Way Again,Dionne Warwick,39,2006-01-01,"60's, 70's, 80's love song",0UX4xBUNaotLQYLC3fvfKC,0.61,0.511,0.359
48eiLW57CqSmCYNZRM2J8M,From a Distance,Bette Midler,55,1990,"60's, 70's, 80's love song",0UX4xBUNaotLQYLC3fvfKC,0.536,0.242,0.331
0AQqrtK1pULuwZUXhwaaDz,All By Myself,Eric Carmen,66,1975-01-01,"60's, 70's, 80's love song",0UX4xBUNaotLQYLC3fvfKC,0.376,0.373,0.111
3CUV8wsoTTKznGpEovrnZw,Sometimes Love Just Ain't Enough,Patty Smyth,64,1992-01-01,"60's, 70's, 80's love song",0UX4xBUNaotLQYLC3fvfKC,0.561,0.442,0.267
5MJlssbwUUXlGSBvIJnFab,25 Minutes - 2002 Remaster,Michael Learns To Rock,54,2002,"60's, 70's, 80's love song",0UX4xBUNaotLQYLC3fvfKC,0.502,0.574,0.239
6hgZBE0upBMJiyqpdM88JH,Born For You,David Pomeranz,42,2006-09-26,"60's, 70's, 80's love song",0UX4xBUNaotLQYLC3fvfKC,0.432,0.313,0.108
3RMeOetCdXttthQK0clPuz,How Am I Supposed to Live Without You,Michael Bolton,73,1989-06-27,"60's, 70's, 80's love song",0UX4xBUNaotLQYLC3fvfKC,0.541,0.44,0.232
2TQaMcc3BEAF5Srn7FCipl,Always,Atlantic Starr,64,1987-03-24,"60's, 70's, 80's love song",0UX4xBUNaotLQYLC3fvfKC,0.606,0.532,0.327
523iOSL6R2OomhVMGcfxdy,Paint My Love - 2002 Remaster,Michael Learns To Rock,55,2002,"60's, 70's, 80's love song",0UX4xBUNaotLQYLC3fvfKC,0.571,0.622,0.231
0ACu78PvVsOFYIKgRkKbGZ,After All (Love Theme From Chances Are),Cher,68,1989-01-01,"60's, 70's, 80's love song",0UX4xBUNaotLQYLC3fvfKC,0.517,0.335,0.163
7wWw7hBmErNg9u5w6Xx0vy,Make It with You,Bread,72,1970,"60's, 70's, 80's love song",0UX4xBUNaotLQYLC3fvfKC,0.629,0.356,0.472
56A0zbb8pv9Q2igFRPrKwe,On This Day,David Pomeranz,1,2001-01-01,"60's, 70's, 80's love song",0UX4xBUNaotLQYLC3fvfKC,0.547,0.364,0.217
7tLtIZclwLWk54PFAyDv5T,Where Do Broken Hearts Go,Whitney Houston,68,1987-06-02,"60's, 70's, 80's love song",0UX4xBUNaotLQYLC3fvfKC,0.462,0.385,0.244
7bJSiwLFnhoO7g83bWkCtA,Love Will Keep Us Alive,Eagles,68,1994-11-08,"60's, 70's, 80's love song",0UX4xBUNaotLQYLC3fvfKC,0.658,0.374,0.367
095S6zESAqe4xrm321mGsa,Sometimes When We Touch,Rod Stewart,55,1996-11-12,"60's, 70's, 80's love song",0UX4xBUNaotLQYLC3fvfKC,0.589,0.302,0.216
17tcPIrHqmEbyBJOFHFozK,Don't Know What To Say (Don't Know What To Do),Ric Segreto,0,1982-05-03,"60's, 70's, 80's love song",0UX4xBUNaotLQYLC3fvfKC,0.673,0.365,0.297
7HKez549fwJQDzx3zLjHKC,Start Me Up - Remastered 2009,The Rolling Stones,81,1981-08-24,Classic Rock Songs 60s 70s 80s 90s,6b2dBnxolvwV2L1L4thWRm,0.631,0.932,0.971
08mG3Y1vljYA6bvDt4Wqkj,Back In Black,AC/DC,86,1980-07-25,Classic Rock Songs 60s 70s 80s 90s,6b2dBnxolvwV2L1L4thWRm,0.31,0.7,0.763
3YBZIN3rekqsKxbJc9FZko,Paradise City,Guns N' Roses,13,1987-07-21,Classic Rock Songs 60s 70s 80s 90s,6b2dBnxolvwV2L1L4thWRm,0.273,0.952,0.472
0GONea6G2XdnHWjNZd6zt3,Summer Of '69,Bryan Adams,85,1984-11-05,Classic Rock Songs 60s 70s 80s 90s,6b2dBnxolvwV2L1L4thWRm,0.508,0.834,0.774
7e89621JPkKaeDSTQ3avtg,Sweet Home Alabama,Lynyrd Skynyrd,84,1974-04-15,Classic Rock Songs 60s 70s 80s 90s,6b2dBnxolvwV2L1L4thWRm,0.596,0.605,0.886
0ofHAoxe9vBkTCp2UQIavz,Dreams - 2004 Remaster,Fleetwood Mac,89,1977-02-04,Classic Rock Songs 60s 70s 80s 90s,6b2dBnxolvwV2L1L4thWRm,0.828,0.492,0.789
2374M0fQpWi3dLnB54qaLX,Africa,TOTO,87,1982-04-08,Classic Rock Songs 60s 70s 80s 90s,6b2dBnxolvwV2L1L4thWRm,0.671,0.373,0.732
2Cdvbe2G4hZsnhNMKyGrie,I Love Rock 'N Roll,Joan Jett & the Blackhearts,80,1981-11-18,Classic Rock Songs 60s 70s 80s 90s,6b2dBnxolvwV2L1L4thWRm,0.535,0.716,0.901
4bHsxqR3GMrXTxEPLuK5ue,Don't Stop Believin',Journey,86,1981,Classic Rock Songs 60s 70s 80s 90s,6b2dBnxolvwV2L1L4thWRm,0.5,0.748,0.514
37Tmv4NnfQeb0ZgUC4fOJj,Sultans Of Swing,Dire Straits,84,1978-10-07,Classic Rock Songs 60s 70s 80s 90s,6b2dBnxolvwV2L1L4thWRm,0.733,0.794,0.931
5tVA6TkbaAH9QMITTQRrNv,Free Fallin',Tom Petty,81,1989-01-01,Classic Rock Songs 60s 70s 80s 90s,6b2dBnxolvwV2L1L4thWRm,0.623,0.449,0.572
63T7DJ1AFDD6Bn8VzG6JE8,"Paint It, Black",The Rolling Stones,85,1966-04-15,Classic Rock Songs 60s 70s 80s 90s,6b2dBnxolvwV2L1L4thWRm,0.464,0.795,0.612
08cX6cPeOywTzqTaLF6lXn,867-5309 / Jenny (Re-Recorded Version),Tommy Tutone,52,2009-01-01,Classic Rock Songs 60s 70s 80s 90s,6b2dBnxolvwV2L1L4thWRm,0.588,0.699,0.6
2LawezPeJhN4AWuSB0GtAU,Have You Ever Seen The Rain,Creedence Clearwater Revival,88,1970-12-07,Classic Rock Songs 60s 70s 80s 90s,6b2dBnxolvwV2L1L4thWRm,0.741,0.697,0.774
5R5BwWJepZnwEmRBJIZcm5,Strange Again,The Vices,43,2022-01-04,Classic Rock Songs 60s 70s 80s 90s,6b2dBnxolvwV2L1L4thWRm,0.437,0.882,0.721
7N3PAbqfTjSEU1edb2tY8j,Jump - 2015 Remaster,Van Halen,83,1984-01-04,Classic Rock Songs 60s 70s 80s 90s,6b2dBnxolvwV2L1L4thWRm,0.572,0.835,0.795
61Q9oJNd9hJQFhSDh6Qlap,House Of The Rising Sun,The Animals,63,1966-02,Classic Rock Songs 60s 70s 80s 90s,6b2dBnxolvwV2L1L4thWRm,0.315,0.534,0.283
3AhXZa8sUQht0UEdBJgpGc,Like a Rolling Stone,Bob Dylan,71,1965-08-30,Classic Rock Songs 60s 70s 80s 90s,6b2dBnxolvwV2L1L4thWRm,0.482,0.721,0.557
1IqFh00G2kvvMm8pRMpehA,Me and Bobby McGee,Janis Joplin,72,1971-01-11,Classic Rock Songs 60s 70s 80s 90s,6b2dBnxolvwV2L1L4thWRm,0.43,0.463,0.66
2PzU4IB8Dr6mxV3lHuaG34,(I Can't Get No) Satisfaction - Mono Version,The Rolling Stones,80,1965-07-30,Classic Rock Songs 60s 70s 80s 90s,6b2dBnxolvwV2L1L4thWRm,0.723,0.863,0.931
4QJmlInAGzQEwqXKRq9zcH,But Anyways,The Hourglass Effect,47,2021-11-12,Classic Rock Songs 60s 70s 80s 90s,6b2dBnxolvwV2L1L4thWRm,0.533,0.802,0.601
39shmbIHICJ2Wxnk1fPSdz,Should I Stay or Should I Go - Remastered,The Clash,81,1982,Classic Rock Songs 60s 70s 80s 90s,6b2dBnxolvwV2L1L4thWRm,0.743,0.836,0.82
57JVGBtBLCfHw2muk5416J,Another One Bites The Dust - Remastered 2011,Queen,76,1980-06-27,Classic Rock Songs 60s 70s 80s 90s,6b2dBnxolvwV2L1L4thWRm,0.933,0.528,0.756
2aoo2jlRnM3A0NyLQqMN2f,All Along the Watchtower,Jimi Hendrix,78,1968-10-25,Classic Rock Songs 60s 70s 80s 90s,6b2dBnxolvwV2L1L4thWRm,0.438,0.805,0.564
66lOpKgTyFjOrac4S1s94g,Rebel Rebel - 1999 Remaster,David Bowie,0,1974-04-24,Classic Rock Songs 60s 70s 80s 90s,6b2dBnxolvwV2L1L4thWRm,0.676,0.92,0.624
1QyudPXiE4jK1C2imJFdEc,The Arpeggiator,Jason Alan Fuller,37,2023-07-28,Classic Rock Songs 60s 70s 80s 90s,6b2dBnxolvwV2L1L4thWRm,0.653,0.886,0.673
2KmEgiY8fQs0G6WNxtzQKr,Baba O'Riley,The Who,0,1971-08-14,Classic Rock Songs 60s 70s 80s 90s,6b2dBnxolvwV2L1L4thWRm,0.489,0.724,0.15
7Ar4G7Ci11gpt6sfH9Cgz5,Listen to the Music,The Doobie Brothers,79,1972,Classic Rock Songs 60s 70s 80s 90s,6b2dBnxolvwV2L1L4thWRm,0.645,0.598,0.913
1bp2IO61zbQrbWNmKKxg3f,The Joker,Steve Miller Band,79,1973-01-01,Classic Rock Songs 60s 70s 80s 90s,6b2dBnxolvwV2L1L4thWRm,0.596,0.448,0.796
76kITm22xAXmFWDV4Mxq1E,New York Groove,Hello,0,2001-01-01,Classic Rock Songs 60s 70s 80s 90s,6b2dBnxolvwV2L1L4thWRm,0.745,0.557,0.789
4gvea7UlDkAvsJBPZAd4oB,The Boys Of Summer,Don Henley,79,1984-11-19,Classic Rock Songs 60s 70s 80s 90s,6b2dBnxolvwV2L1L4thWRm,0.516,0.549,0.907
2KH16WveTQWT6KOG9Rg6e2,Eye of the Tiger,Various Artists,79,1985,Classic Rock Songs 60s 70s 80s 90s,6b2dBnxolvwV2L1L4thWRm,0.817,0.599,0.548
2qNnSOwRCxdQPLq8o531eI,Whatever It Takes,Andrew X,42,2023-08-09,Classic Rock Songs 60s 70s 80s 90s,6b2dBnxolvwV2L1L4thWRm,0.56,0.803,0.429
3pHx8jI1ZBVYcMG2QCZaKG,Run Run Run,Jo Jo Gunne,42,1972,Classic Rock Songs 60s 70s 80s 90s,6b2dBnxolvwV2L1L4thWRm,0.587,0.786,0.793
43DeSV93pJPT4lCZaWZ6b1,The Boys Are Back In Town,Thin Lizzy,76,1976,Classic Rock Songs 60s 70s 80s 90s,6b2dBnxolvwV2L1L4thWRm,0.445,0.706,0.768
2olVm1lHicpveMAo4AUDRB,The Power Of Love,Huey Lewis & The News,77,2006-01-01,Classic Rock Songs 60s 70s 80s 90s,6b2dBnxolvwV2L1L4thWRm,0.768,0.829,0.962
7MRyJPksH3G2cXHN8UKYzP,American Girl,Tom Petty and the Heartbreakers,75,1976-11-09,Classic Rock Songs 60s 70s 80s 90s,6b2dBnxolvwV2L1L4thWRm,0.55,0.824,0.777
70YvYr2hGlS01bKRIho1HM,La Grange - 2005 Remaster,ZZ Top,78,1973-07-26,Classic Rock Songs 60s 70s 80s 90s,6b2dBnxolvwV2L1L4thWRm,0.545,0.64,0.606
4KfSdst7rW39C0sfhArdrz,Barracuda,Heart,77,1977-05-14,Classic Rock Songs 60s 70s 80s 90s,6b2dBnxolvwV2L1L4thWRm,0.548,0.691,0.667
5NFtwEWMpsGLEcUJAIeOfi,I Had a Name,The Vices,37,2023-03-17,Classic Rock Songs 60s 70s 80s 90s,6b2dBnxolvwV2L1L4thWRm,0.556,0.742,0.717
7HIpYx5jfsKvwMf5knDMjA,Baby Blue,Garland Green,30,2023-09-20,Classic Rock Songs 60s 70s 80s 90s,6b2dBnxolvwV2L1L4thWRm,0.475,0.961,0.41
6xMoOFdqr5PYifDZnnL3sx,Spanish Stroll,Mink DeVille,48,1977,Classic Rock Songs 60s 70s 80s 90s,6b2dBnxolvwV2L1L4thWRm,0.747,0.448,0.947
5EOoMWIB9iK4ZpcSex9Ec7,Old Time Rock & Roll,Bob Seger,77,1978-05-05,Classic Rock Songs 60s 70s 80s 90s,6b2dBnxolvwV2L1L4thWRm,0.714,0.937,0.964
0P7DoyGrr4Wp9w5TotEtUC,The Weight - Remastered 2000,The Band,73,1968-07-01,Classic Rock Songs 60s 70s 80s 90s,6b2dBnxolvwV2L1L4thWRm,0.63,0.551,0.518
1HOMkjp0nHMaTnfAkslCQj,My Sharona,The Knack,76,1979-01-01,Classic Rock Songs 60s 70s 80s 90s,6b2dBnxolvwV2L1L4thWRm,0.586,0.7,0.897
1Q1b8eVkUPGlpSArl8JAVw,Heart of Gold - 2009 Remaster,Neil Young,4,1972-02-14,Classic Rock Songs 60s 70s 80s 90s,6b2dBnxolvwV2L1L4thWRm,0.541,0.459,0.803
63OFKbMaZSDZ4wtesuuq6f,Born To Be Wild,Steppenwolf,76,1968,Classic Rock Songs 60s 70s 80s 90s,6b2dBnxolvwV2L1L4thWRm,0.438,0.71,0.53
1I7zHEdDx8Ny5RxzYPqsU2,Reelin' In The Years,Steely Dan,5,1972-01-01,Classic Rock Songs 60s 70s 80s 90s,6b2dBnxolvwV2L1L4thWRm,0.523,0.758,0.766
0j3p1p06deJ7f9xmJ9yG22,Back In The U.S.S.R. - Remastered 2009,The Beatles,65,1968-11-22,Classic Rock Songs 60s 70s 80s 90s,6b2dBnxolvwV2L1L4thWRm,0.48,0.969,0.494
4vlxuDm2HOikLlRhlnaGpf,Porsche,Rilena,51,2023-09-21,Classic Rock Songs 60s 70s 80s 90s,6b2dBnxolvwV2L1L4thWRm,0.682,0.615,0.478
0qRR9d89hIS0MHRkQ0ejxX,Rich Girl,Daryl Hall & John Oates,81,1976-08-01,Classic Rock Songs 60s 70s 80s 90s,6b2dBnxolvwV2L1L4thWRm,0.573,0.683,0.817
29SyMC0plk6qw8NMF7lfRL,You Really Got Me,The Kinks,75,1964-10-02,Classic Rock Songs 60s 70s 80s 90s,6b2dBnxolvwV2L1L4thWRm,0.573,0.939,0.963
4okpS6IiU743qJZALgiDQr,Figure It Out,PETER LAKE,43,2022-05-06,Classic Rock Songs 60s 70s 80s 90s,6b2dBnxolvwV2L1L4thWRm,0.733,0.848,0.917
52HAHV1j93s5B8GoTNI7DJ,"Oh, Pretty Woman",Roy Orbison,67,2006-03-28,Classic Rock Songs 60s 70s 80s 90s,6b2dBnxolvwV2L1L4thWRm,0.609,0.584,0.954
7IXnW7fQzPbIrUs8v07Vh1,Who's Gonna Love You Now,Hey Ghost!,31,2023-09-08,Classic Rock Songs 60s 70s 80s 90s,6b2dBnxolvwV2L1L4thWRm,0.556,0.712,0.391
5cfYurP1XKldMBtvBBJiTs,Ramblin' Man,Allman Brothers Band,60,1989-06-20,Classic Rock Songs 60s 70s 80s 90s,6b2dBnxolvwV2L1L4thWRm,0.349,0.692,0.952
1gcESexgftSuLuML57Y69q,All Right Now,Free,73,1970-06-26,Classic Rock Songs 60s 70s 80s 90s,6b2dBnxolvwV2L1L4thWRm,0.787,0.472,0.824
1ynmMEK1fkyiZ6Z6F3ThEt,Centerfold,The J. Geils Band,74,1981,Classic Rock Songs 60s 70s 80s 90s,6b2dBnxolvwV2L1L4thWRm,0.653,0.677,0.888
7mc1UtdrlJ9nHKxOXL3lBv,I Got A Line On You,Spirit,42,1991-07-18,Classic Rock Songs 60s 70s 80s 90s,6b2dBnxolvwV2L1L4thWRm,0.422,0.597,0.9
2vz1CsL5WBsbpBcwgboTAw,"Footloose - From ""Footloose"" Soundtrack",Various Artists,74,1984,Classic Rock Songs 60s 70s 80s 90s,6b2dBnxolvwV2L1L4thWRm,0.583,0.905,0.646
5izGeTxueiFX1UPFGohY9w,Addicted To Love,Robert Palmer,69,1985-01-01,Classic Rock Songs 60s 70s 80s 90s,6b2dBnxolvwV2L1L4thWRm,0.702,0.578,0.975
4lJ6YVXQ0jUk5ILu0PSrA4,Ooh La La,Faces,72,1973,Classic Rock Songs 60s 70s 80s 90s,6b2dBnxolvwV2L1L4thWRm,0.601,0.574,0.8
2bTNgOcbPr8RdFHXhpgbRJ,Lies Will Haunt You,Call Me Cannon,31,2023-10-03,Classic Rock Songs 60s 70s 80s 90s,6b2dBnxolvwV2L1L4thWRm,0.739,0.751,0.598
2RaA6kIcvomt77qlIgGhCT,Breaking the Law,Judas Priest,75,1980,Classic Rock Songs 60s 70s 80s 90s,6b2dBnxolvwV2L1L4thWRm,0.362,0.961,0.491
3vBjgc6yNwmHUEpYvj7o9p,New World,Schwarzenberger,31,2023-09-22,Classic Rock Songs 60s 70s 80s 90s,6b2dBnxolvwV2L1L4thWRm,0.55,0.543,0.497
4OTw5splgMdlYklwHMHxLK,Long Cool Woman (In a Black Dress) - 1999 Remaster,The Hollies,75,1971-10-01,Classic Rock Songs 60s 70s 80s 90s,6b2dBnxolvwV2L1L4thWRm,0.757,0.868,0.815
0LoQuiekvzqx7n8flgEKzF,Get It On,T. Rex,73,1971-09-24,Classic Rock Songs 60s 70s 80s 90s,6b2dBnxolvwV2L1L4thWRm,0.728,0.878,0.911
3QZ7uX97s82HFYSmQUAN1D,Tom Sawyer,Rush,73,1981-02-12,Classic Rock Songs 60s 70s 80s 90s,6b2dBnxolvwV2L1L4thWRm,0.536,0.901,0.666
6FBmHx1FuaSnTnnnaThgbF,Cum on Feel the Noize,Quiet Riot,65,1996,Classic Rock Songs 60s 70s 80s 90s,6b2dBnxolvwV2L1L4thWRm,0.441,0.908,0.632
3wyPP0t21tiG0qYKlceDN5,I Know What You Want,Pat The Riffer,29,2023-09-23,Classic Rock Songs 60s 70s 80s 90s,6b2dBnxolvwV2L1L4thWRm,0.621,0.743,0.666
0HOrDVS349XFcpCYsO2hAP,You Ain't Seen Nothing Yet,Bachman-Turner Overdrive,73,1974,Classic Rock Songs 60s 70s 80s 90s,6b2dBnxolvwV2L1L4thWRm,0.475,0.439,0.76
1CQqupcyMg7176PPmIVmSj,Renegade,Styx,70,1978-01-01,Classic Rock Songs 60s 70s 80s 90s,6b2dBnxolvwV2L1L4thWRm,0.492,0.552,0.655
6V50MyHPGhEmwYu0Wdyf0t,The Way It Is,"Bruce Hornsby, The Range",71,1986-06-02,Classic Rock Songs 60s 70s 80s 90s,6b2dBnxolvwV2L1L4thWRm,0.582,0.689,0.531
6s0NHplywwr1IjnQpUpWJk,Bad To The Bone,George Thorogood & The Destroyers,72,1982-01-01,Classic Rock Songs 60s 70s 80s 90s,6b2dBnxolvwV2L1L4thWRm,0.459,0.727,0.955
4vO9dmzNRqDhFY3jD1a3P7,Mississippi Queen,Mountain,73,1970,Classic Rock Songs 60s 70s 80s 90s,6b2dBnxolvwV2L1L4thWRm,0.581,0.624,0.637
6qZwiQg1NXuMpioDP3AipQ,Fade Away,State Assembly,32,2023-08-04,Classic Rock Songs 60s 70s 80s 90s,6b2dBnxolvwV2L1L4thWRm,0.581,0.72,0.499
6ITBWHjlmaUQ9QAeOOHFyT,Forgotten,Bishop Takes Queen,29,2023-05-17,Classic Rock Songs 60s 70s 80s 90s,6b2dBnxolvwV2L1L4thWRm,0.218,0.94,0.124
6NdcSEhpGGAYXNnnhGS2s6,What I Like About You,The Romantics,64,1990,Classic Rock Songs 60s 70s 80s 90s,6b2dBnxolvwV2L1L4thWRm,0.542,0.915,0.92
6xq5DxZWGgdStAxGAil0yw,Since You Been Gone,Rainbow,72,1979-01-01,Classic Rock Songs 60s 70s 80s 90s,6b2dBnxolvwV2L1L4thWRm,0.733,0.726,0.915
2F1fnE1a8zQCogM6jJifHH,Jessie's Girl,Rick Springfield,69,1981-03-13,Classic Rock Songs 60s 70s 80s 90s,6b2dBnxolvwV2L1L4thWRm,0.717,0.588,0.852
57460SJgSpCXaRJ9YIYHxy,Going Up The Country,Canned Heat,63,1987-01-01,Classic Rock Songs 60s 70s 80s 90s,6b2dBnxolvwV2L1L4thWRm,0.653,0.239,0.765
3Wqi68rdm2OAwlue6TIc8u,Radar Love - single version - Remastered,Golden Earring,47,2021-09-10,Classic Rock Songs 60s 70s 80s 90s,6b2dBnxolvwV2L1L4thWRm,0.494,0.568,0.174
1slNiw0iIkLHQnFqp9Q89p,Rearrange,Hairpin,45,2023-10-06,Classic Rock Songs 60s 70s 80s 90s,6b2dBnxolvwV2L1L4thWRm,0.62,0.691,0.635
1BvpeiApX8qhof8Pmi3YlH,New York Groove,Ace Frehley,61,1978-01-01,Classic Rock Songs 60s 70s 80s 90s,6b2dBnxolvwV2L1L4thWRm,0.826,0.608,0.846
2uE5JDb0ZJsJkzZ8gvL5jw,I Hear You Knocking,Dave Edmunds,49,1997-02-17,Classic Rock Songs 60s 70s 80s 90s,6b2dBnxolvwV2L1L4thWRm,0.528,0.445,0.97
0GTK6TesV108Jj5D3MHsYb,Owner of a Lonely Heart,Yes,73,1983-06-01,Classic Rock Songs 60s 70s 80s 90s,6b2dBnxolvwV2L1L4thWRm,0.744,0.798,0.89
6Q5xDA2wc7WUp0nBoY7S33,Wanna Rock,April Wine,0,1981,Classic Rock Songs 60s 70s 80s 90s,6b2dBnxolvwV2L1L4thWRm,0.384,0.814,0.823
5dIgg4mrQHOlVm1ZFYHW29,Smoke on the Water,Deep Purple,0,2005-06-21,Classic Rock Songs 60s 70s 80s 90s,6b2dBnxolvwV2L1L4thWRm,0.608,0.688,0.749
0oWHLtxWeMJhmwxtrxhNK0,Welcome To The Jungle,Guns N' Roses,0,1987-07-21,Classic Rock Songs 60s 70s 80s 90s,6b2dBnxolvwV2L1L4thWRm,0.443,0.955,0.333
3QTLZ2m7xJy5VGr5owxewO,Tiger Feet,Mud,39,1990-05-08,Classic Rock Songs 60s 70s 80s 90s,6b2dBnxolvwV2L1L4thWRm,0.528,0.914,0.745
5YiGFzgOjTtI6A2Uh2syFw,Lay Me Down,Greer Sullivan,28,2023-09-08,Classic Rock Songs 60s 70s 80s 90s,6b2dBnxolvwV2L1L4thWRm,0.581,0.71,0.653
7rPzEczIS574IgPaiPieS3,"Another Brick In The Wall, Pt. 2 - 2011 Remastered Version",Pink Floyd,75,1979-11-30,Classic Rock Songs 60s 70s 80s 90s,6b2dBnxolvwV2L1L4thWRm,0.693,0.353,0.75
2jtUGFsqanQ82zqDlhiKIp,She Came In Through The Bathroom Window - Remastered 2009,The Beatles,59,1969-09-26,Classic Rock Songs 60s 70s 80s 90s,6b2dBnxolvwV2L1L4thWRm,0.53,0.72,0.69
0hCB0YR03f6AmQaHbwWDe8,Whole Lotta Love - 1990 Remaster,Led Zeppelin,78,1969-10-22,Classic Rock Songs 60s 70s 80s 90s,6b2dBnxolvwV2L1L4thWRm,0.412,0.902,0.422
00xR9dHhuaNznqB4FSzOlr,You Really Got Me - Mono Mix,The Kinks,0,1964-02-02,Classic Rock Songs 60s 70s 80s 90s,6b2dBnxolvwV2L1L4thWRm,0.567,0.959,0.961
2EqlS6tkEnglzr7tkKAAYD,Come Together - Remastered 2009,The Beatles,80,1969-09-26,Classic Rock Songs 60s 70s 80s 90s,6b2dBnxolvwV2L1L4thWRm,0.533,0.376,0.187
7mN0AL5ZsYMxJOftvVclOi,Dream On,Aerosmith,0,1991-11-19,Classic Rock Songs 60s 70s 80s 90s,6b2dBnxolvwV2L1L4thWRm,0.399,0.362,0.194
0D9J4MkQVyn1690CBqLx4u,Wild Thing,The Troggs,0,1994-01-01,Classic Rock Songs 60s 70s 80s 90s,6b2dBnxolvwV2L1L4thWRm,0.458,0.853,0.671
4uNT0flZ6k8iUi1g5NPY3h,Make Me Smile (Come Up And See Me),"Steve Harley, Steve Harley & Cockney Rebel",0,1992-04-27,Classic Rock Songs 60s 70s 80s 90s,6b2dBnxolvwV2L1L4thWRm,0.58,0.691,0.822
2QS7Y4Kp0b64ad5bsfDRIp,Cherry Bomb,The Runaways,31,2005-01-01,Classic Rock Songs 60s 70s 80s 90s,6b2dBnxolvwV2L1L4thWRm,0.497,0.855,0.505
3ksclT7hfU0fYV8iwsMq1t,Mr. Blue Sky,Electric Light Orchestra,43,1973,"60s, 70s and 80s Radio",5ZWmriIP1TbQQLcieku1g4,0.522,0.343,0.46
2EbYvUisyXUltuUJRoViAm,The Lion Sleeps Tonight,The Tokens,26,1993-01-01,"60s, 70s and 80s Radio",5ZWmriIP1TbQQLcieku1g4,0.591,0.532,0.832
7fJnj6rso7N95oztvsxrWD,Dancing with Myself - 2001 Remaster,Generation X,0,2003-02-28,"60s, 70s and 80s Radio",5ZWmriIP1TbQQLcieku1g4,0.387,0.886,0.757
18AXbzPzBS8Y3AkgSxzJPb,In The Air Tonight - 2015 Remastered,Phil Collins,80,1981-01-01,"60s, 70s and 80s Radio",5ZWmriIP1TbQQLcieku1g4,0.446,0.239,0.298
3danaswvdD7sSz1ERKNfxh,"Ob-La-Di, Ob-La-Da - Remastered 2009",The Beatles,46,1973-04-02,"60s, 70s and 80s Radio",5ZWmriIP1TbQQLcieku1g4,0.821,0.72,0.977
48p5E25cFPanxuwCTmTpuL,The Promise,When In Rome,70,1988-01-01,"60s, 70s and 80s Radio",5ZWmriIP1TbQQLcieku1g4,0.629,0.876,0.358
2374M0fQpWi3dLnB54qaLX,Africa,TOTO,87,1982-04-08,"60s, 70s and 80s Radio",5ZWmriIP1TbQQLcieku1g4,0.671,0.373,0.732
5pKJtX4wBeby9qIfFhyOJj,Don't Go Breaking My Heart,Elton John,58,1990-11-08,"60s, 70s and 80s Radio",5ZWmriIP1TbQQLcieku1g4,0.742,0.863,0.776
0q21FNwES2bbtcduB6kjEU,Dancing in the Moonlight,King Harvest,77,1973-01-01,"60s, 70s and 80s Radio",5ZWmriIP1TbQQLcieku1g4,0.657,0.435,0.771
62AuGbAkt8Ox2IrFFb8GKV,Sweet Caroline,Neil Diamond,80,1969-06-06,"60s, 70s and 80s Radio",5ZWmriIP1TbQQLcieku1g4,0.529,0.127,0.578
10lOs3zqQ2U69vC1aiqqiL,Stand By Me - Re-Recording,Various Artists,0,2006-03-21,"60s, 70s and 80s Radio",5ZWmriIP1TbQQLcieku1g4,0.628,0.416,0.575
3oGGipilQmZTol8qFTR6u1,All You Need Is Love,The Beatles,45,2006-11-17,"60s, 70s and 80s Radio",5ZWmriIP1TbQQLcieku1g4,0.372,0.532,0.727
1zW2csx1vVJrKfvDrFQNVt,Jump in the Line,Harry Belafonte,68,1961-07-21,"60s, 70s and 80s Radio",5ZWmriIP1TbQQLcieku1g4,0.594,0.889,0.8
00s8dO3RWrFkBqC9JIy6ag,Right Back Where We Started From,Maxine Nightingale,61,2019-06-14,"60s, 70s and 80s Radio",5ZWmriIP1TbQQLcieku1g4,0.692,0.653,0.901
6YEq8UF9EYlMrIVWc35CPH,Jumpin' Jack Flash - (Original Single Mono Version),The Rolling Stones,39,2005-02-28,"60s, 70s and 80s Radio",5ZWmriIP1TbQQLcieku1g4,0.6,0.91,0.619
3v8d3ku3kiTZVPxEt7a2dE,The Wanderer,Dion,65,1961,"60s, 70s and 80s Radio",5ZWmriIP1TbQQLcieku1g4,0.59,0.546,0.855
3KiexfmhxHvG5IgAElmTkd,I Saw Her Standing There - Remastered 2009,The Beatles,69,1963-03-22,"60s, 70s and 80s Radio",5ZWmriIP1TbQQLcieku1g4,0.491,0.801,0.971
3L7RtEcu1Hw3OXrpnthngx,Don't You Want Me,The Human League,80,1981,"60s, 70s and 80s Radio",5ZWmriIP1TbQQLcieku1g4,0.731,0.738,0.958
63T7DJ1AFDD6Bn8VzG6JE8,"Paint It, Black",The Rolling Stones,85,1966-04-15,"60s, 70s and 80s Radio",5ZWmriIP1TbQQLcieku1g4,0.464,0.795,0.612
3gdewACMIVMEWVbyb8O9sY,"Rocket Man (I Think It's Going To Be A Long, Long Time)",Elton John,84,1972-05-19,"60s, 70s and 80s Radio",5ZWmriIP1TbQQLcieku1g4,0.601,0.532,0.341
5zA8vzDGqPl2AzZkEYQGKh,Uptown Girl,Billy Joel,83,1983-08-08,"60s, 70s and 80s Radio",5ZWmriIP1TbQQLcieku1g4,0.701,0.944,0.792
1xOXXYh6lTW8laxlW7JP2J,Only the Good Die Young,Billy Joel,70,1977,"60s, 70s and 80s Radio",5ZWmriIP1TbQQLcieku1g4,0.579,0.872,0.761
5MxNLUsfh7uzROypsoO5qe,Dream On,Aerosmith,11,1973-01-05,"60s, 70s and 80s Radio",5ZWmriIP1TbQQLcieku1g4,0.307,0.433,0.224
4OdhffpvG3HxDJMxYOKh97,I Ran (So Far Away),A Flock Of Seagulls,65,1982-04-30,"60s, 70s and 80s Radio",5ZWmriIP1TbQQLcieku1g4,0.507,0.642,0.631
3ZXcjz3A5vNsR5dA1e6ITl,Always Something There to Remind Me - 2018 Remaster,Naked Eyes,1,1983-01-01,"60s, 70s and 80s Radio",5ZWmriIP1TbQQLcieku1g4,0.609,0.777,0.682
16GUMo6u3D2qo9a19AkYct,Movin' Out (Anthony's Song),Billy Joel,70,1977,"60s, 70s and 80s Radio",5ZWmriIP1TbQQLcieku1g4,0.664,0.88,0.895
3fH4KjXFYMmljxrcGrbPj9,Don't You (Forget About Me),Simple Minds,79,1985,"60s, 70s and 80s Radio",5ZWmriIP1TbQQLcieku1g4,0.66,0.816,0.678
41a5geUkthuhkKG4eQrmwk,Eleanor Rigby / Julia,The Beatles,43,2006-11-17,"60s, 70s and 80s Radio",5ZWmriIP1TbQQLcieku1g4,0.517,0.178,0.677
2HHtWyy5CgaQbC7XSoOb0e,Eye of the Tiger,Survivor,78,1982,"60s, 70s and 80s Radio",5ZWmriIP1TbQQLcieku1g4,0.815,0.438,0.552
38zsOOcu31XbbYj9BIPUF1,Your Song,Elton John,82,1970-04-10,"60s, 70s and 80s Radio",5ZWmriIP1TbQQLcieku1g4,0.554,0.315,0.325
4GDmAT5ZZyHdBo32UYDIvM,Tainted Love,Soft Cell,48,1981-12,"60s, 70s and 80s Radio",5ZWmriIP1TbQQLcieku1g4,0.519,0.51,0.652
0jvN7eQJJt4nxQzgQfZ1SP,Spirit In The Sky - Deluxe Edition,Norman Greenbaum,77,1969-01-01,"60s, 70s and 80s Radio",5ZWmriIP1TbQQLcieku1g4,0.609,0.617,0.543
6EdSN1iGtLPhcz43QDRkdK,Help!,The Beatles,56,2006-11-17,"60s, 70s and 80s Radio",5ZWmriIP1TbQQLcieku1g4,0.552,0.734,0.846
39lSeqnyjZJejRuaREfyLL,Hungry Like the Wolf - 2009 Remaster,Duran Duran,76,1982-05-10,"60s, 70s and 80s Radio",5ZWmriIP1TbQQLcieku1g4,0.691,0.812,0.685
4pbG9SUmWIvsROVLF0zF9s,I Want To Hold Your Hand - Remastered 2015,The Beatles,70,2000-11-13,"60s, 70s and 80s Radio",5ZWmriIP1TbQQLcieku1g4,0.49,0.715,0.866
5IMtdHjJ1OtkxbGe4zfUxQ,Escape (The Pina Colada Song),Rupert Holmes,78,1979-01-01,"60s, 70s and 80s Radio",5ZWmriIP1TbQQLcieku1g4,0.836,0.509,0.949
5GjPQ0eI7AgmOnADn1EO6Q,Eleanor Rigby - Remastered 2009,The Beatles,72,1966-08-05,"60s, 70s and 80s Radio",5ZWmriIP1TbQQLcieku1g4,0.581,0.28,0.813
2Cdvbe2G4hZsnhNMKyGrie,I Love Rock 'N Roll,Joan Jett & the Blackhearts,80,1981-11-18,"60s, 70s and 80s Radio",5ZWmriIP1TbQQLcieku1g4,0.535,0.716,0.901
4hObp5bmIJ3PP3cKA9K9GY,Don't Worry Be Happy,Bobby McFerrin,71,1988-01-01,"60s, 70s and 80s Radio",5ZWmriIP1TbQQLcieku1g4,0.675,0.166,0.747
2PzU4IB8Dr6mxV3lHuaG34,(I Can't Get No) Satisfaction - Mono Version,The Rolling Stones,80,1965-07-30,"60s, 70s and 80s Radio",5ZWmriIP1TbQQLcieku1g4,0.723,0.863,0.931
0dBatXn1vVUl0jLgXRClwD,Bennie And The Jets - Remastered 2014,Elton John,0,1973-10-05,"60s, 70s and 80s Radio",5ZWmriIP1TbQQLcieku1g4,0.665,0.673,0.779
0b4mzNWt82CE52JGNyLqOX,Where Did Our Love Go?,Soft Cell,38,2018-09-07,"60s, 70s and 80s Radio",5ZWmriIP1TbQQLcieku1g4,0.618,0.44,0.341
3YMTNzrRktpHDsi6OrmZNO,Take on Me,a-ha,52,1985-06-01,"60s, 70s and 80s Radio",5ZWmriIP1TbQQLcieku1g4,0.526,0.931,0.81
6dGnYIeXmHdcikdzNNDMm2,Here Comes The Sun - Remastered 2009,The Beatles,85,1969-09-26,"60s, 70s and 80s Radio",5ZWmriIP1TbQQLcieku1g4,0.557,0.54,0.394
4Bz7h5m6ydvcdu1oaEC3WS,Mama Said,Union Of Sound,18,2015-10-16,"60s, 70s and 80s Radio",5ZWmriIP1TbQQLcieku1g4,0.88,0.557,0.965
7L3b6iaVhDVjfo52Hbvh9Z,Edge of Seventeen - 2016 Remaster,Stevie Nicks,74,1981-07-27,"60s, 70s and 80s Radio",5ZWmriIP1TbQQLcieku1g4,0.591,0.804,0.658
3G7tRC24Uh09Hmp1KZ7LQ2,I'm a Believer - 2006 Remaster,The Monkees,77,1967-01-09,"60s, 70s and 80s Radio",5ZWmriIP1TbQQLcieku1g4,0.526,0.775,0.962
1qRA5BS78u3gME0loMl9AA,For What It's Worth,Buffalo Springfield,82,1966-12-05,"60s, 70s and 80s Radio",5ZWmriIP1TbQQLcieku1g4,0.653,0.519,0.822
7tqhbajSfrz2F7E1Z75ASX,Ain't No Mountain High Enough,"Marvin Gaye, Tammi Terrell",87,1967-08-29,"60s, 70s and 80s Radio",5ZWmriIP1TbQQLcieku1g4,0.663,0.6,0.8
70C4NyhjD5OZUMzvWZ3njJ,Piano Man,Billy Joel,78,1973-11-07,"60s, 70s and 80s Radio",5ZWmriIP1TbQQLcieku1g4,0.331,0.55,0.429
01jOnfF6OMQx2ZgC3nKi3o,"Oh, Pretty Woman - with The Royal Philharmonic Orchestra","Roy Orbison, Royal Philharmonic Orchestra",34,2017-11-03,"60s, 70s and 80s Radio",5ZWmriIP1TbQQLcieku1g4,0.586,0.679,0.76
2Gy7qnDwt8Z3MNxqat4CsK,Wouldn't It Be Nice,The Beach Boys,70,1966-06-16,"60s, 70s and 80s Radio",5ZWmriIP1TbQQLcieku1g4,0.392,0.629,0.72
4ZoBC5MhSEzuknIgAkBaoT,My Life,Billy Joel,74,1978-10-13,"60s, 70s and 80s Radio",5ZWmriIP1TbQQLcieku1g4,0.741,0.647,0.804
6aU6a9tdn2vHhnPGlboFZX,Good Vibrations,The Beach Boys,60,2011-01-01,"60s, 70s and 80s Radio",5ZWmriIP1TbQQLcieku1g4,0.414,0.528,0.335
4ebcE2SmkG7nplvzFAWRu7,What I Like About You,The Romantics,69,1980,"60s, 70s and 80s Radio",5ZWmriIP1TbQQLcieku1g4,0.514,0.942,0.912
6MTd61g9zq6CB1FnJydjEb,Sugar Sugar,The Archies,73,1969-11-14,"60s, 70s and 80s Radio",5ZWmriIP1TbQQLcieku1g4,0.757,0.725,0.965
2KOt2JrCB720UxIbyzweQo,Barbara Ann,The Beach Boys,63,1975-04-14,"60s, 70s and 80s Radio",5ZWmriIP1TbQQLcieku1g4,0.581,0.669,0.926
0LrwgdLsFaWh9VXIjBRe8t,Changes - 2015 Remaster,David Bowie,70,1971-12-17,"60s, 70s and 80s Radio",5ZWmriIP1TbQQLcieku1g4,0.559,0.308,0.414
67iAlVNDDdddxqSD2EZhFs,I'm Gonna Be (500 Miles),The Proclaimers,79,1988,"60s, 70s and 80s Radio",5ZWmriIP1TbQQLcieku1g4,0.851,0.551,0.807
0iOZM63lendWRTTeKhZBSC,"Mrs. Robinson - From ""The Graduate"" Soundtrack",Simon & Garfunkel,78,1968-04-03,"60s, 70s and 80s Radio",5ZWmriIP1TbQQLcieku1g4,0.606,0.457,0.813
5J2CHimS7dWYMImCHkEFaJ,A Hard Day's Night - Remastered 2009,The Beatles,70,1964-07-10,"60s, 70s and 80s Radio",5ZWmriIP1TbQQLcieku1g4,0.59,0.805,0.797
2Nz6aF1umHh5Et6I5H581L,Hooked On A Feeling,Blue Swede,69,2014-09-30,"60s, 70s and 80s Radio",5ZWmriIP1TbQQLcieku1g4,0.547,0.82,0.933
2TVxnKdb3tqe1nhQWwwZCO,Tiny Dancer,Elton John,79,1971-11-05,"60s, 70s and 80s Radio",5ZWmriIP1TbQQLcieku1g4,0.414,0.428,0.282
1jDJFeK9x3OZboIAHsY9k2,I'm Still Standing,Elton John,86,1983-05-30,"60s, 70s and 80s Radio",5ZWmriIP1TbQQLcieku1g4,0.504,0.904,0.772
1ynmMEK1fkyiZ6Z6F3ThEt,Centerfold,The J. Geils Band,74,1981,"60s, 70s and 80s Radio",5ZWmriIP1TbQQLcieku1g4,0.653,0.677,0.888
3RNyGLgSvmVRZ7xKUp8Wgd,In the Summertime,Mungo Jerry,72,1970-01-01,"60s, 70s and 80s Radio",5ZWmriIP1TbQQLcieku1g4,0.642,0.65,0.973
3SdingSsFcZDZAyvcJbgAw,Can't Buy Me Love - Remastered 2009,The Beatles,68,1964-07-10,"60s, 70s and 80s Radio",5ZWmriIP1TbQQLcieku1g4,0.483,0.677,0.842
48i055G1OT5KxGGftwFxWy,"Oh, Pretty Woman",Roy Orbison,78,1962,"60s, 70s and 80s Radio",5ZWmriIP1TbQQLcieku1g4,0.619,0.603,0.958
43DeSV93pJPT4lCZaWZ6b1,The Boys Are Back In Town,Thin Lizzy,76,1976,"60s, 70s and 80s Radio",5ZWmriIP1TbQQLcieku1g4,0.445,0.706,0.768
5BckPAYcKEJuYs1eV1BHHe,Take A Chance On Me,ABBA,78,1977,"60s, 70s and 80s Radio",5ZWmriIP1TbQQLcieku1g4,0.684,0.675,0.924
6AbaUu4XtHu7pGkPE94Tat,Live And Let Die,Wings,53,1978-11-22,"60s, 70s and 80s Radio",5ZWmriIP1TbQQLcieku1g4,0.397,0.512,0.23
4SGBuq37Ol4HJr7pQqFMKa,I Got You Babe,Sonny & Cher,68,1965,"60s, 70s and 80s Radio",5ZWmriIP1TbQQLcieku1g4,0.629,0.795,0.6
0j3p1p06deJ7f9xmJ9yG22,Back In The U.S.S.R. - Remastered 2009,The Beatles,65,1968-11-22,"60s, 70s and 80s Radio",5ZWmriIP1TbQQLcieku1g4,0.48,0.969,0.494
1h2xVEoJORqrg71HocgqXd,Superstition - Single Version,Stevie Wonder,78,2002-10-29,"60s, 70s and 80s Radio",5ZWmriIP1TbQQLcieku1g4,0.633,0.634,0.872
4pNiE4LCVV74vfIBaUHm1b,Sir Duke,Stevie Wonder,74,1976-09-28,"60s, 70s and 80s Radio",5ZWmriIP1TbQQLcieku1g4,0.588,0.568,0.952
3EYOJ48Et32uATr9ZmLnAo,Roxanne,The Police,84,1978-11-02,"60s, 70s and 80s Radio",5ZWmriIP1TbQQLcieku1g4,0.618,0.748,0.663
4s6LhHAV5SEsOV0lC2tjvJ,California Dreamin' - Single Version,The Mamas & The Papas,82,1966-03,"60s, 70s and 80s Radio",5ZWmriIP1TbQQLcieku1g4,0.552,0.608,0.637
7HKez549fwJQDzx3zLjHKC,Start Me Up - Remastered 2009,The Rolling Stones,81,1981-08-24,"60s, 70s and 80s Radio",5ZWmriIP1TbQQLcieku1g4,0.631,0.932,0.971
1JO1xLtVc8mWhIoE3YaCL0,Happy Together,The Turtles,78,1967,"60s, 70s and 80s Radio",5ZWmriIP1TbQQLcieku1g4,0.584,0.367,0.588
6b6IMqP565TbtFFZg9iFf3,"I Can't Help Myself (Sugar Pie, Honey Bunch)",Four Tops,78,1965,"60s, 70s and 80s Radio",5ZWmriIP1TbQQLcieku1g4,0.667,0.599,0.971
28285KFbyCq8sJofn58qlD,Love Train,The O'Jays,72,1972-01-01,"60s, 70s and 80s Radio",5ZWmriIP1TbQQLcieku1g4,0.743,0.572,0.675
29SyMC0plk6qw8NMF7lfRL,You Really Got Me,The Kinks,75,1964-10-02,"60s, 70s and 80s Radio",5ZWmriIP1TbQQLcieku1g4,0.573,0.939,0.963
7DxFABDwGKY91Mx8uZ2YUH,Dancing With Myself - EP Version,Billy Idol,55,2001-01-01,"60s, 70s and 80s Radio",5ZWmriIP1TbQQLcieku1g4,0.442,0.878,0.869
3qiyyUfYe7CRYLucrPmulD,Baba O'Riley,The Who,79,1971-08-14,"60s, 70s and 80s Radio",5ZWmriIP1TbQQLcieku1g4,0.489,0.724,0.15
0GjEhVFGZW8afUYGChu3Rr,Dancing Queen,ABBA,86,1976,"60s, 70s and 80s Radio",5ZWmriIP1TbQQLcieku1g4,0.543,0.87,0.754
1O0xeZrBDbq7HPREdmYUYK,"Bad, Bad Leroy Brown",Jim Croce,70,1973-07-01,"60s, 70s and 80s Radio",5ZWmriIP1TbQQLcieku1g4,0.697,0.676,0.852
3OeUlriM0EZHdWleJtjoVr,Got My Mind Set On You - Remastered 2004,George Harrison,6,1987-11-02,"60s, 70s and 80s Radio",5ZWmriIP1TbQQLcieku1g4,0.767,0.854,0.963
3TlIt0ReIxPsVZcOEivT5U,It's Not Unusual,Tom Jones,76,1965-05-01,"60s, 70s and 80s Radio",5ZWmriIP1TbQQLcieku1g4,0.476,0.722,0.909
4YwbSZaYeYja8Umyt222Qf,You Can't Hurry Love - 2016 Remaster,Phil Collins,80,1982-11-05,"60s, 70s and 80s Radio",5ZWmriIP1TbQQLcieku1g4,0.62,0.936,0.763
71SvEDmsOwIWw1IozsZoMA,Any Way You Want It,Journey,75,1980,"60s, 70s and 80s Radio",5ZWmriIP1TbQQLcieku1g4,0.529,0.932,0.571
5EOoMWIB9iK4ZpcSex9Ec7,Old Time Rock & Roll,Bob Seger,77,1978-05-05,"60s, 70s and 80s Radio",5ZWmriIP1TbQQLcieku1g4,0.714,0.937,0.964
2ZNTPtYmAhN9vCwnAgqKn1,"Shout, Pts. 1 & 2",The Isley Brothers,61,1959-08-21,"60s, 70s and 80s Radio",5ZWmriIP1TbQQLcieku1g4,0.489,0.866,0.416
7k1gXoiBTddulMBVlKuJIs,Penny Lane - Stereo Mix 2017,The Beatles,45,1967-05-26,"60s, 70s and 80s Radio",5ZWmriIP1TbQQLcieku1g4,0.617,0.577,0.627
6tyMDp7sVCjvKK1uyaOvtQ,Don't You Want Me Baby,A.M.P.,42,2004,"60s, 70s and 80s Radio",5ZWmriIP1TbQQLcieku1g4,0.743,0.832,0.966
7jIFGkTBIK1UwWaEXMW2Nh,Life Is A Highway,Tom Cochrane,66,1991-09-19,"60s, 70s and 80s Radio",5ZWmriIP1TbQQLcieku1g4,0.683,0.897,0.752
2pbWkjtGtjkzBdZ95GFINm,Car Wash - Long Version,Rose Royce,55,1976-01-01,"60s, 70s and 80s Radio",5ZWmriIP1TbQQLcieku1g4,0.667,0.521,0.856
2GKYEk8NQkafOqSw4uWZXl,Wipeout,Various Artists,42,2013-03-31,"60s, 70s and 80s Radio",5ZWmriIP1TbQQLcieku1g4,0.366,0.712,0.556
44aTAUBF0g6sMkMNE8I5kd,Every Little Thing She Does Is Magic,The Police,79,1981-10-02,"60s, 70s and 80s Radio",5ZWmriIP1TbQQLcieku1g4,0.558,0.768,0.429
0qRR9d89hIS0MHRkQ0ejxX,Rich Girl,Daryl Hall & John Oates,81,1976-08-01,"60s, 70s and 80s Radio",5ZWmriIP1TbQQLcieku1g4,0.573,0.683,0.817
5tVA6TkbaAH9QMITTQRrNv,Free Fallin',Tom Petty,81,1989-01-01,"60s, 70s and 80s Radio",5ZWmriIP1TbQQLcieku1g4,0.623,0.449,0.572
1gIKd24bixkgYzuxse32oR,How Deep Is Your Love (2007 Remastered Saturday Night Fever LP Version),Various Artists,0,1978-01-05,60s 70s 80s Mellow & Chill,7saihTo4D0CbY3oRuEvbr1,0.63,0.357,0.683
0a8a8EzWXxSExS9fnTyYb3,Rainy Days And Mondays,Carpenters,0,1971-01-01,60s 70s 80s Mellow & Chill,7saihTo4D0CbY3oRuEvbr1,0.352,0.235,0.219
3H7sv3Krffn15BufUuXzf3,Hey Jude - Remastered 2015,The Beatles,0,2000-11-13,60s 70s 80s Mellow & Chill,7saihTo4D0CbY3oRuEvbr1,0.386,0.607,0.532
5V1AHQugSTASVez5ffJtFo,Let It Be - Remastered,The Beatles,0,1970-05-08,60s 70s 80s Mellow & Chill,7saihTo4D0CbY3oRuEvbr1,0.443,0.403,0.41
21UlUI8lgcvkoe73lWVQSu,Raindrops Keep Falling on my Head,B.J. Thomas,0,2011-07-19,60s 70s 80s Mellow & Chill,7saihTo4D0CbY3oRuEvbr1,0.579,0.433,0.708
2kyVQg00pphEufGT59M2XH,(They Long To Be) Close To You,Carpenters,69,1970-01-01,60s 70s 80s Mellow & Chill,7saihTo4D0CbY3oRuEvbr1,0.528,0.233,0.208
2sDGixRj6S2utKROO8u7OZ,I Won't Last A Day Without You,Carpenters,0,1972-01-01,60s 70s 80s Mellow & Chill,7saihTo4D0CbY3oRuEvbr1,0.472,0.221,0.458
6BQNJ0JFKh8sWjQLI6Zudi,Change the World,Eric Clapton,2,1999-10-12,60s 70s 80s Mellow & Chill,7saihTo4D0CbY3oRuEvbr1,0.721,0.558,0.542
4qmHeQBYieqj3VMAPascsE,Wonderful Tonight,Eric Clapton,0,1977-11-01,60s 70s 80s Mellow & Chill,7saihTo4D0CbY3oRuEvbr1,0.57,0.208,0.508
3gsCAGsWr6pUm1Vy7CPPob,Killing Me Softly With His Song,Roberta Flack,75,1973-01-01,60s 70s 80s Mellow & Chill,7saihTo4D0CbY3oRuEvbr1,0.476,0.381,0.33
49MHCPzvMLXhRjDantBMVH,Just the Way You Are,Billy Joel,73,1977,60s 70s 80s Mellow & Chill,7saihTo4D0CbY3oRuEvbr1,0.589,0.453,0.513
3iWtpZKbZb5N2jlbGMmNjD,The Look Of Love,Dusty Springfield,0,2000-01-01,60s 70s 80s Mellow & Chill,7saihTo4D0CbY3oRuEvbr1,0.582,0.407,0.326
5fz8CyznRw4OVtGUd3SOlY,I'll Never Fall in Love Again (feat. Martin Gallop),Various Artists,0,2014-10-21,60s 70s 80s Mellow & Chill,7saihTo4D0CbY3oRuEvbr1,0.72,0.472,0.755
6Z5XZ8fjmWGbkdahOgreVe,What A Wonderful World,Louis Armstrong,0,2010-01-01,60s 70s 80s Mellow & Chill,7saihTo4D0CbY3oRuEvbr1,0.273,0.373,0.147
6mIY6O7uNGgVqOoX70UAYh,Have I Told You Lately - 2008 Remaster,Rod Stewart,67,1991,60s 70s 80s Mellow & Chill,7saihTo4D0CbY3oRuEvbr1,0.523,0.366,0.291
373zqV0VLz9mnrSaY9kaiX,Isn't She Lovely,Stevie Wonder,0,1976-09-28,60s 70s 80s Mellow & Chill,7saihTo4D0CbY3oRuEvbr1,0.481,0.826,0.819
0Vpswx5knuuXW8HmNK1LrT,My Girl,Various Artists,58,1999-08-10,60s 70s 80s Mellow & Chill,7saihTo4D0CbY3oRuEvbr1,0.589,0.551,0.715
0P2j7ogCRvGMK4Pdw2K5ZQ,Your Song,Elton John,0,2007-03-26,60s 70s 80s Mellow & Chill,7saihTo4D0CbY3oRuEvbr1,0.552,0.308,0.309
622nEHkm52E6ijVShcea9f,Tonight I Celebrate My Love,Peabo Bryson,56,1985-01-01,60s 70s 80s Mellow & Chill,7saihTo4D0CbY3oRuEvbr1,0.47,0.228,0.14
7nb2hZWBxeG38lwcRjFqn4,You Are So Beautiful,Joe Cocker,48,2003-12-01,60s 70s 80s Mellow & Chill,7saihTo4D0CbY3oRuEvbr1,0.387,0.182,0.0929
1rLYWSXPrJGWnlGlSwPEia,When a Man Loves a Woman,Michael Bolton,53,2006-09-04,60s 70s 80s Mellow & Chill,7saihTo4D0CbY3oRuEvbr1,0.577,0.42,0.234
3yrSvpt2l1xhsV9Em88Pul,Brown Eyed Girl,Van Morrison,83,1967-09,60s 70s 80s Mellow & Chill,7saihTo4D0CbY3oRuEvbr1,0.491,0.583,0.908
7kWhdmRYv8CqbWNqfojqVd,Let's Stay Together,Al Green,0,1972-01-31,60s 70s 80s Mellow & Chill,7saihTo4D0CbY3oRuEvbr1,0.746,0.273,0.502
0ACACkoHUwgfgY5CxVIL4N,Lovely Day,Bill Withers,64,1994-08-09,60s 70s 80s Mellow & Chill,7saihTo4D0CbY3oRuEvbr1,0.694,0.565,0.692
5nNmj1cLH3r4aA4XDJ2bgY,September,"Earth, Wind & Fire",0,1992-09-08,60s 70s 80s Mellow & Chill,7saihTo4D0CbY3oRuEvbr1,0.697,0.809,0.98
4lO57zZGFcj7vSY4QhfVDq,She's The One,Robbie Williams,70,1998,60s 70s 80s Mellow & Chill,7saihTo4D0CbY3oRuEvbr1,0.243,0.609,0.333
66KgSwQE4UmJttgfYiaR5I,It's Too Late,Carole King,0,1971,60s 70s 80s Mellow & Chill,7saihTo4D0CbY3oRuEvbr1,0.45,0.441,0.811
4Dykq1tU6xnLnlaniVH4hv,You've Got a Friend,Carole King,0,1971,60s 70s 80s Mellow & Chill,7saihTo4D0CbY3oRuEvbr1,0.474,0.263,0.458
0fRiIPNbwivbP2SbLOTuaI,I Will - Remastered,The Beatles,0,1968-11-22,60s 70s 80s Mellow & Chill,7saihTo4D0CbY3oRuEvbr1,0.631,0.387,0.832
5yeCt0MReP9i652S9l1fOa,It's Sad to Belong - Single Version,England Dan & John Ford Coley,0,2005-09-20,60s 70s 80s Mellow & Chill,7saihTo4D0CbY3oRuEvbr1,0.517,0.309,0.539
2yNWwardt8VzlpNBWrGYD6,For Once In My Life,Stevie Wonder,0,1968-12-01,60s 70s 80s Mellow & Chill,7saihTo4D0CbY3oRuEvbr1,0.566,0.482,0.856
5ZEMPZdUIiJSxT4gIJOIpB,Aubrey,Bread,50,1973-06-01,60s 70s 80s Mellow & Chill,7saihTo4D0CbY3oRuEvbr1,0.326,0.0902,0.218
7pKfPomDEeI4TPT6EOYjn9,Imagine - Remastered 2010,John Lennon,79,1971-09-09,60s 70s 80s Mellow & Chill,7saihTo4D0CbY3oRuEvbr1,0.547,0.257,0.169
4Hbj7GnBASAS6dUmsIMD6q,Top Of The World,Carpenters,0,1972-01-01,60s 70s 80s Mellow & Chill,7saihTo4D0CbY3oRuEvbr1,0.379,0.343,0.694
5td7WsBur5opModo1lB1X3,What The World Needs Now Is Love - Remastered,Jackie DeShannon,43,2002-01-01,60s 70s 80s Mellow & Chill,7saihTo4D0CbY3oRuEvbr1,0.444,0.389,0.427
6UjlpJhUqOQqv0hrb38IDI,Best of My Love,The Emotions,56,1996,60s 70s 80s Mellow & Chill,7saihTo4D0CbY3oRuEvbr1,0.764,0.57,0.972
5cP52DlDN9yryuZVQDg3iq,Stayin' Alive - 2007 Remastered Version Saturday Night Fever,Various Artists,0,1978-01-05,60s 70s 80s Mellow & Chill,7saihTo4D0CbY3oRuEvbr1,0.704,0.834,0.923
45yEy5WJywhJ3sDI28ajTm,Here Comes The Sun - Remastered,The Beatles,0,1969-09-26,60s 70s 80s Mellow & Chill,7saihTo4D0CbY3oRuEvbr1,0.557,0.54,0.394
7nXZCcFAy1oCKQG2SqLszv,We've Only Just Begun,Carpenters,61,1970-01-01,60s 70s 80s Mellow & Chill,7saihTo4D0CbY3oRuEvbr1,0.373,0.287,0.317
1e0hllQ23AG0QGFgezgLOq,Yesterday - Remastered,The Beatles,3,1965-08-06,60s 70s 80s Mellow & Chill,7saihTo4D0CbY3oRuEvbr1,0.332,0.179,0.315
0MKqeOVdZcUFGJvWpGCKbG,Come Together - Remastered,The Beatles,0,1969-09-26,60s 70s 80s Mellow & Chill,7saihTo4D0CbY3oRuEvbr1,0.533,0.376,0.187
1MiXdrxHJGH2NzS11wqmvV,"Uptown Girl - Live in Moscow & Leningrad, Russia - July/August 1987",Billy Joel,0,1987,60s 70s 80s Mellow & Chill,7saihTo4D0CbY3oRuEvbr1,0.481,0.946,0.331
5QqdvVeYLL1xvZ1ndUjxnO,In My Life - Remastered,The Beatles,0,1965-12-03,60s 70s 80s Mellow & Chill,7saihTo4D0CbY3oRuEvbr1,0.688,0.435,0.435
7CM4neUwE5xm0OPe6cxwWZ,Alone Again (Naturally),Diana Krall,0,2015-09-18,60s 70s 80s Mellow & Chill,7saihTo4D0CbY3oRuEvbr1,0.608,0.208,0.239
48BYnfwFSUza861E8kUkrm,Three Times A Lady,"Commodores, Lionel Richie",0,2005-03-02,60s 70s 80s Mellow & Chill,7saihTo4D0CbY3oRuEvbr1,0.461,0.186,0.0919
0KMGxYKeUzK9wc5DZCt3HT,If You Leave Me Now,Chicago,79,1976-06-14,60s 70s 80s Mellow & Chill,7saihTo4D0CbY3oRuEvbr1,0.434,0.563,0.275
01UYpHuzHi4eB9PAbDoPY2,Summer Breeze,Seals and Crofts,65,1977-10-11,60s 70s 80s Mellow & Chill,7saihTo4D0CbY3oRuEvbr1,0.49,0.581,0.318
10pcZvQ4QTKeHRvTUAeHVD,Love Will Keep Us Together,Captain & Tennille,51,1999-01-01,60s 70s 80s Mellow & Chill,7saihTo4D0CbY3oRuEvbr1,0.681,0.554,0.933
4WhT2YADjcU58IUgroWZQZ,Walk Right In,The Rooftop Singers,46,2007-01-01,60s 70s 80s Mellow & Chill,7saihTo4D0CbY3oRuEvbr1,0.681,0.66,0.965
4myBMnNWZlgvVelYeTu55w,Brown Eyed Girl,Van Morrison,0,1999-04-29,60s 70s 80s Mellow & Chill,7saihTo4D0CbY3oRuEvbr1,0.478,0.678,0.892
0ZFJpY6hELA21Y5d5YmdlR,Night Fever - 2009 Remastered Version,Bee Gees,0,2009-11-02,60s 70s 80s Mellow & Chill,7saihTo4D0CbY3oRuEvbr1,0.728,0.791,0.896
2y8Eez5cFFf2JzD546LThM,Fly Me To The Moon,"Frank Sinatra, Count Basie",0,1962-12-10,60s 70s 80s Mellow & Chill,7saihTo4D0CbY3oRuEvbr1,0.657,0.26,0.378
64wgf4WD3GSsd6cbltAyyX,Laughter In The Rain,Neil Sedaka,0,2009-01-01,60s 70s 80s Mellow & Chill,7saihTo4D0CbY3oRuEvbr1,0.255,0.665,0.879
0ywn1mAGr0E8N5p32JwuHB,I'd Really Love to See You Tonight - 2012 Remaster,Various Artists,49,2012-11-16,60s 70s 80s Mellow & Chill,7saihTo4D0CbY3oRuEvbr1,0.578,0.767,0.666
4npgZHPUKjWn6ipv6wl66Q,More Than Words,Extreme,0,1990-01-01,60s 70s 80s Mellow & Chill,7saihTo4D0CbY3oRuEvbr1,0.623,0.127,0.237
69l8nFPu0LWmnoJX7YSVYc,You've Got a Friend,James Taylor,0,1971,60s 70s 80s Mellow & Chill,7saihTo4D0CbY3oRuEvbr1,0.695,0.282,0.445
1qhp5owrFGeZ5Jgin28nwR,You've Got a Friend,Carole King,66,1971,60s 70s 80s Mellow & Chill,7saihTo4D0CbY3oRuEvbr1,0.473,0.263,0.461
29SyMC0plk6qw8NMF7lfRL,You Really Got Me,The Kinks,75,1964-10-02,60s & 70s Rock,4xfz6zwuiOKePIkCd77vmd,0.573,0.939,0.963
63T7DJ1AFDD6Bn8VzG6JE8,"Paint It, Black",The Rolling Stones,85,1966-04-15,60s & 70s Rock,4xfz6zwuiOKePIkCd77vmd,0.464,0.795,0.612
2PzU4IB8Dr6mxV3lHuaG34,(I Can't Get No) Satisfaction - Mono Version,The Rolling Stones,80,1965-07-30,60s & 70s Rock,4xfz6zwuiOKePIkCd77vmd,0.723,0.863,0.931
78lgmZwycJ3nzsdgmPPGNx,Immigrant Song - Remaster,Led Zeppelin,82,1970,60s & 70s Rock,4xfz6zwuiOKePIkCd77vmd,0.564,0.932,0.619
6ToM0uwxtPKo9CMpbPGYvM,Break on Through (To the Other Side),The Doors,76,1967-01-04,60s & 70s Rock,4xfz6zwuiOKePIkCd77vmd,0.421,0.751,0.789
7BY005dacJkbO6EPiOh2wb,House Of The Rising Sun,The Animals,74,1964-01-01,60s & 70s Rock,4xfz6zwuiOKePIkCd77vmd,0.295,0.584,0.228
0wJoRiX5K5BxlqZTolB2LD,Purple Haze,Jimi Hendrix,73,1967-05-12,60s & 70s Rock,4xfz6zwuiOKePIkCd77vmd,0.533,0.905,0.486
0hCB0YR03f6AmQaHbwWDe8,Whole Lotta Love - 1990 Remaster,Led Zeppelin,78,1969-10-22,60s & 70s Rock,4xfz6zwuiOKePIkCd77vmd,0.412,0.902,0.422
4BP3uh0hFLFRb5cjsgLqDh,Fortunate Son,Creedence Clearwater Revival,87,1969-11-02,60s & 70s Rock,4xfz6zwuiOKePIkCd77vmd,0.64,0.663,0.663
1Ud6moTC0KyXMq1Oxfien0,Sympathy For The Devil - 50th Anniversary Edition,The Rolling Stones,77,1968-12-06,60s & 70s Rock,4xfz6zwuiOKePIkCd77vmd,0.702,0.668,0.561
14XWXWv5FoCbFzLksawpEe,Riders on the Storm,The Doors,75,1971-04-19,60s & 70s Rock,4xfz6zwuiOKePIkCd77vmd,0.55,0.722,0.716
5uvosCdMlFdTXhoazkTI5R,Light My Fire,The Doors,72,1967-01-04,60s & 70s Rock,4xfz6zwuiOKePIkCd77vmd,0.413,0.725,0.44
7Me0vOSlJfaPY7Pc4GeItd,Marquee Moon,Television,55,1977-02-08,60s & 70s Rock,4xfz6zwuiOKePIkCd77vmd,0.49,0.536,0.732
39shmbIHICJ2Wxnk1fPSdz,Should I Stay or Should I Go - Remastered,The Clash,81,1982,60s & 70s Rock,4xfz6zwuiOKePIkCd77vmd,0.743,0.836,0.82
1Jmqubf9kGkWeYQXQKImL5,People Are Strange,The Doors,78,1967-09-25,60s & 70s Rock,4xfz6zwuiOKePIkCd77vmd,0.699,0.467,0.764
4gMgiXfqyzZLMhsksGmbQV,"Another Brick in the Wall, Pt. 2",Pink Floyd,79,1979-11-30,60s & 70s Rock,4xfz6zwuiOKePIkCd77vmd,0.693,0.394,0.721
5UgT7w6zVZjP3oyawMzbiK,The End,The Doors,63,1967-01-04,60s & 70s Rock,4xfz6zwuiOKePIkCd77vmd,0.347,0.302,0.0332
4PRGxHpCpF2yoOHYKQIEwD,Rock and Roll - Remaster,Led Zeppelin,74,1971-11-08,60s & 70s Rock,4xfz6zwuiOKePIkCd77vmd,0.317,0.887,0.871
6WE7jSshLCuVKoCmobVKVf,Heartbreaker - 1990 Remaster,Led Zeppelin,67,1969-10-22,60s & 70s Rock,4xfz6zwuiOKePIkCd77vmd,0.403,0.709,0.654
7ecVrUYlhj6OrKTAK0oDzo,The Girl I Love She Got Long Black Wavy Hair - Live on Tasty Pop Sundae from BBC Sessions;Remaster,Led Zeppelin,54,2016-09-16,60s & 70s Rock,4xfz6zwuiOKePIkCd77vmd,0.264,0.609,0.862
5VBzIn9cBH4BNa1c6Zilba,How Many More Times - 1993 Remaster,Led Zeppelin,52,1969-01-12,60s & 70s Rock,4xfz6zwuiOKePIkCd77vmd,0.322,0.68,0.518
1rxD34LAtkafrMUHqHIV76,Bring It on Home - Remaster,Led Zeppelin,54,1969-10-22,60s & 70s Rock,4xfz6zwuiOKePIkCd77vmd,0.345,0.461,0.171
6hu1f1cXSw7OAqhpSQ2zDy,Dazed and Confused - 1990 Remaster,Led Zeppelin,65,1969-01-12,60s & 70s Rock,4xfz6zwuiOKePIkCd77vmd,0.271,0.553,0.433
4OMu5a8sFpcRCPCcsoEaov,Babe I'm Gonna Leave You - 1990 Remaster,Led Zeppelin,63,1969-01-12,60s & 70s Rock,4xfz6zwuiOKePIkCd77vmd,0.404,0.435,0.156
0yVs7eSL8mPnIu2CGKHpUQ,Communication Breakdown - 1990 Remaster,Led Zeppelin,65,1969-01-12,60s & 70s Rock,4xfz6zwuiOKePIkCd77vmd,0.399,0.946,0.447
3qT4bUD1MaWpGrTwcvguhb,Black Dog - Remaster,Led Zeppelin,75,1971-11-08,60s & 70s Rock,4xfz6zwuiOKePIkCd77vmd,0.437,0.864,0.749
1H4idkmruFoJBg1DvUv2tY,Band On The Run - 2010 Remaster,Wings,74,1973-12-05,60s & 70s Rock,4xfz6zwuiOKePIkCd77vmd,0.479,0.601,0.669
0QwZfbw26QeUoIy82Z2jYp,Good Times Bad Times - 1993 Remaster,Led Zeppelin,73,1969-01-12,60s & 70s Rock,4xfz6zwuiOKePIkCd77vmd,0.476,0.717,0.753
4BVE5tIIpYabZcYCbephNW,Touch Me,The Doors,69,1969-07-21,60s & 70s Rock,4xfz6zwuiOKePIkCd77vmd,0.425,0.903,0.769
7vYA9ET5AUqJt5pBbhKmcB,Don't Let Me Be Misunderstood,The Animals,64,1965-09-01,60s & 70s Rock,4xfz6zwuiOKePIkCd77vmd,0.513,0.775,0.518
05f8Hg3RSfiPSCBQOtxl3i,When the Levee Breaks - Remaster,Led Zeppelin,65,1971-11-08,60s & 70s Rock,4xfz6zwuiOKePIkCd77vmd,0.271,0.766,0.803
5NnZ4JJxWiqqhYNu3rwmFj,Misty Mountain Hop - Remaster,Led Zeppelin,57,1971-11-08,60s & 70s Rock,4xfz6zwuiOKePIkCd77vmd,0.47,0.806,0.787
5G7uLHtoEW140QOcBpJlfz,What Is and What Should Never Be - 1990 Remaster,Led Zeppelin,57,1969-10-22,60s & 70s Rock,4xfz6zwuiOKePIkCd77vmd,0.34,0.472,0.533
70gbuMqwNBE2Y5rkQJE9By,Going to California - Remaster,Led Zeppelin,71,1971-11-08,60s & 70s Rock,4xfz6zwuiOKePIkCd77vmd,0.503,0.265,0.522
0xHxeH4QTqlfNrQvczkoTA,I Can't Explain - Stereo Version,The Who,48,1965-12-03,60s & 70s Rock,4xfz6zwuiOKePIkCd77vmd,0.607,0.783,0.843
4ywWJqYKOwaVVh9xXARWUS,Tangerine - Remaster,Led Zeppelin,68,1970,60s & 70s Rock,4xfz6zwuiOKePIkCd77vmd,0.306,0.398,0.0948
5CQ30WqJwcep0pYcV4AMNc,Stairway to Heaven - Remaster,Led Zeppelin,81,1971-11-08,60s & 70s Rock,4xfz6zwuiOKePIkCd77vmd,0.338,0.34,0.197
1exUq8aG2OMbSeZeTwz06k,In-A-Gadda-Da-Vida - 2006 Remaster Full-Length,Iron Butterfly,52,1968-06-14,60s & 70s Rock,4xfz6zwuiOKePIkCd77vmd,0.548,0.452,0.5
50OiNUVqEBKjA0aOBoQOoO,Move Over,Janis Joplin,25,1971-01-11,60s & 70s Rock,4xfz6zwuiOKePIkCd77vmd,0.697,0.522,0.927
1ZbPOodxJYGp9iEaWMFGHk,Cry Baby,Janis Joplin,25,1971-01-11,60s & 70s Rock,4xfz6zwuiOKePIkCd77vmd,0.372,0.427,0.551
4qb7UtwJ0ngmeolApIVj1C,Half Moon,Janis Joplin,22,1971-01-11,60s & 70s Rock,4xfz6zwuiOKePIkCd77vmd,0.693,0.567,0.647
7fhN70v5N6cmL4JUbMSvfI,Buried Alive In the Blues,Janis Joplin,20,1971-01-11,60s & 70s Rock,4xfz6zwuiOKePIkCd77vmd,0.576,0.813,0.788
4YMQXzscifAREG0a7KNGhB,Black Magic Woman - Single Version,Santana,70,1994-07-01,60s & 70s Rock,4xfz6zwuiOKePIkCd77vmd,0.489,0.349,0.622
3X4IQODzJjZnWeWaqj269w,Me and Bobby McGee,Janis Joplin,25,1971-01-11,60s & 70s Rock,4xfz6zwuiOKePIkCd77vmd,0.428,0.477,0.7
049N37OeznRbxUr3FzJi0M,Trust Me,Janis Joplin,21,1971-01-11,60s & 70s Rock,4xfz6zwuiOKePIkCd77vmd,0.477,0.599,0.592
47atuTch0AN7NvP9vp42a5,Ramble Tamble,Creedence Clearwater Revival,51,1970-07-25,60s & 70s Rock,4xfz6zwuiOKePIkCd77vmd,0.347,0.8,0.66
0pQskrTITgmCMyr85tb9qq,Starman - 2012 Remaster,David Bowie,79,1972-06-06,60s & 70s Rock,4xfz6zwuiOKePIkCd77vmd,0.486,0.449,0.549
7cdnq45E9aP2XDStHg5vd7,Cherry Bomb,The Runaways,71,1976,60s & 70s Rock,4xfz6zwuiOKePIkCd77vmd,0.501,0.813,0.495
6Vcwr9tb3ZLO63F8DL8cqu,Tangled up in Blue,Bob Dylan,63,1975-01-17,60s & 70s Rock,4xfz6zwuiOKePIkCd77vmd,0.421,0.661,0.554
1o6DclZHw0HomxXEQR1ijX,Rock & Roll - Full Length Version; 2015 Remaster,The Velvet Underground,58,1970,60s & 70s Rock,4xfz6zwuiOKePIkCd77vmd,0.494,0.735,0.742
0LrwgdLsFaWh9VXIjBRe8t,Changes - 2015 Remaster,David Bowie,70,1971-12-17,60s & 70s Rock,4xfz6zwuiOKePIkCd77vmd,0.559,0.308,0.414
3ZFurUI2qESabUHHyIlxa8,Lady Grinning Soul - 2013 Remaster,David Bowie,57,1973-04-13,60s & 70s Rock,4xfz6zwuiOKePIkCd77vmd,0.373,0.56,0.167
2id8E4WvczfKHB4LHI7Np3,Edge of Seventeen,Stevie Nicks,70,2007-03-27,60s & 70s Rock,4xfz6zwuiOKePIkCd77vmd,0.59,0.828,0.636
7Jh1bpe76CNTCgdgAdBw4Z,Heroes - 2017 Remaster,David Bowie,77,1977,60s & 70s Rock,4xfz6zwuiOKePIkCd77vmd,0.489,0.758,0.435
2EC9IJj7g0mN1Q5VrZkiYY,Rebel Rebel - 2016 Remaster,David Bowie,75,1974-05-24,60s & 70s Rock,4xfz6zwuiOKePIkCd77vmd,0.635,0.686,0.464
1vP2JEXRsGrFbwOZ0foOQ5,Sound and Vision - 2017 Remaster,David Bowie,65,1977,60s & 70s Rock,4xfz6zwuiOKePIkCd77vmd,0.667,0.804,0.759
1PehfITh0TTRx3LkDdV4h3,Fame - 2016 Remaster,David Bowie,63,1975-03-07,60s & 70s Rock,4xfz6zwuiOKePIkCd77vmd,0.786,0.555,0.673
4KsakXCO9XXOYKLn15rt7y,You Drive Me Wild,The Runaways,45,1976,60s & 70s Rock,4xfz6zwuiOKePIkCd77vmd,0.507,0.782,0.537
4DliRSOmpVNHoPc60wUmUD,Dead End Justice,The Runaways,42,1976,60s & 70s Rock,4xfz6zwuiOKePIkCd77vmd,0.511,0.534,0.342
36gPq8WG7tDxrblyGVUCiT,Up Around The Bend,Creedence Clearwater Revival,66,1970-07-25,60s & 70s Rock,4xfz6zwuiOKePIkCd77vmd,0.589,0.85,0.813
2gE95JskwQ1pCACTpGe1Db,Down On The Corner,Creedence Clearwater Revival,76,1969-11-02,60s & 70s Rock,4xfz6zwuiOKePIkCd77vmd,0.858,0.544,0.874
20OFwXhEXf12DzwXmaV7fj,Bad Moon Rising,Creedence Clearwater Revival,83,1969-08-03,60s & 70s Rock,4xfz6zwuiOKePIkCd77vmd,0.508,0.774,0.942
5bUlFE9dGh7pX93PUEVAue,Born On The Bayou,Creedence Clearwater Revival,51,1969-01-05,60s & 70s Rock,4xfz6zwuiOKePIkCd77vmd,0.678,0.386,0.552
0INUNNYfsp4qr6kJdY46mY,Travelin' Band,Creedence Clearwater Revival,56,1970-07-25,60s & 70s Rock,4xfz6zwuiOKePIkCd77vmd,0.513,0.92,0.963
3RTUfvRgq3pYTf7XY0FIcS,Lookin' Out My Back Door,Creedence Clearwater Revival,63,1970-07-25,60s & 70s Rock,4xfz6zwuiOKePIkCd77vmd,0.745,0.656,0.858
11DjZQEZ69EXLo77HVj6yW,Green River,Creedence Clearwater Revival,76,1969-08-03,60s & 70s Rock,4xfz6zwuiOKePIkCd77vmd,0.702,0.772,0.973
1Ay5MiilZj2ZGQLeTWVJ6o,Lodi,Creedence Clearwater Revival,68,1969-08-03,60s & 70s Rock,4xfz6zwuiOKePIkCd77vmd,0.773,0.675,0.925
6F42bG2EsAgo2ShVbBCdt6,Hey Tonight,Creedence Clearwater Revival,44,1970-12-07,60s & 70s Rock,4xfz6zwuiOKePIkCd77vmd,0.704,0.589,0.789
40riOy7x9W7GXjyGp4pjAv,Hotel California - 2013 Remaster,Eagles,86,1976-12-08,60s & 70s Rock,4xfz6zwuiOKePIkCd77vmd,0.579,0.508,0.609
608xszaAxVh4m7NcKJiAbF,One of These Nights - 2013 Remaster,Eagles,75,1975-06-10,60s & 70s Rock,4xfz6zwuiOKePIkCd77vmd,0.655,0.606,0.765
2TjnCxxQRYn56Ye8gkUKiW,Desperado - 2013 Remaster,Eagles,70,1973-04-17,60s & 70s Rock,4xfz6zwuiOKePIkCd77vmd,0.228,0.224,0.18
3MODES4TNtygekLl146Dxd,Ramble On - 1990 Remaster,Led Zeppelin,72,1969-10-22,60s & 70s Rock,4xfz6zwuiOKePIkCd77vmd,0.468,0.607,0.886
3EYOJ48Et32uATr9ZmLnAo,Roxanne,The Police,84,1978-11-02,60s & 70s Rock,4xfz6zwuiOKePIkCd77vmd,0.618,0.748,0.663
6dGnYIeXmHdcikdzNNDMm2,Here Comes The Sun - Remastered 2009,The Beatles,85,1969-09-26,60s & 70s Rock,4xfz6zwuiOKePIkCd77vmd,0.557,0.54,0.394
2EqlS6tkEnglzr7tkKAAYD,Come Together - Remastered 2009,The Beatles,80,1969-09-26,60s & 70s Rock,4xfz6zwuiOKePIkCd77vmd,0.533,0.376,0.187
7iN1s7xHE4ifF5povM6A48,Let It Be - Remastered 2009,The Beatles,80,1970-05-08,60s & 70s Rock,4xfz6zwuiOKePIkCd77vmd,0.443,0.403,0.41
3BQHpFgAp4l80e1XslIjNI,Yesterday - Remastered 2009,The Beatles,79,1965-08-06,60s & 70s Rock,4xfz6zwuiOKePIkCd77vmd,0.332,0.179,0.315
0aym2LBJBk9DAYuHHutrIl,Hey Jude - Remastered 2015,The Beatles,73,2000-11-13,60s & 70s Rock,4xfz6zwuiOKePIkCd77vmd,0.386,0.607,0.532
4pbG9SUmWIvsROVLF0zF9s,I Want To Hold Your Hand - Remastered 2015,The Beatles,70,2000-11-13,60s & 70s Rock,4xfz6zwuiOKePIkCd77vmd,0.49,0.715,0.866
3Z25k4ZF6QENy2d9YatsM5,I Want You (She's So Heavy) - Remastered 2009,The Beatles,64,1969-09-26,60s & 70s Rock,4xfz6zwuiOKePIkCd77vmd,0.37,0.515,0.42
7cJNjpJZmMeaEjAiHZ36VV,Strawberry Fields Forever - Remastered 2009,The Beatles,45,1973-04-02,60s & 70s Rock,4xfz6zwuiOKePIkCd77vmd,0.389,0.491,0.28
7DD7eSuYSC5xk2ArU62esN,Help! - Remastered 2009,The Beatles,73,1965-08-06,60s & 70s Rock,4xfz6zwuiOKePIkCd77vmd,0.534,0.725,0.763
5ZBeML7Lf3FMEVviTyvi8l,Twist And Shout - Remastered 2009,The Beatles,79,1963-03-22,60s & 70s Rock,4xfz6zwuiOKePIkCd77vmd,0.482,0.849,0.937
25yQPHgC35WNnnOUqFhgVR,Lucy In The Sky With Diamonds - Remastered 2009,The Beatles,69,1967-06-01,60s & 70s Rock,4xfz6zwuiOKePIkCd77vmd,0.311,0.325,0.668
12TZzfqJyY3UvtZ3lq1WmY,Lazing On A Sunday Afternoon - Remastered 2011,Queen,51,1975-11-21,60s & 70s Rock,4xfz6zwuiOKePIkCd77vmd,0.643,0.579,0.712
7tFiyTwD0nx5a1eklYtX2J,Bohemian Rhapsody - Remastered 2011,Queen,75,1975-11-21,60s & 70s Rock,4xfz6zwuiOKePIkCd77vmd,0.392,0.402,0.228
3lUx27TOwV2nAiKwnYYXxe,Bicycle Race - Remastered 2011,Queen,57,1978-11-10,60s & 70s Rock,4xfz6zwuiOKePIkCd77vmd,0.429,0.669,0.611
1mnQiO568zXIrUncttTZGp,Good Old-Fashioned Lover Boy - Remastered 2011,Queen,68,1976-12-10,60s & 70s Rock,4xfz6zwuiOKePIkCd77vmd,0.545,0.454,0.393
6cFZ4PLC19taNlpl9pbGMf,Somebody To Love - Remastered 2011,Queen,71,1976-12-10,60s & 70s Rock,4xfz6zwuiOKePIkCd77vmd,0.497,0.693,0.358
7GqWnsKhMtEW0nzki5o0d8,Killer Queen - Remastered 2011,Queen,72,1974-11-08,60s & 70s Rock,4xfz6zwuiOKePIkCd77vmd,0.535,0.65,0.61
5K0Rhne6C8Fkt4Az5fBcRJ,The Millionaire Waltz - Remastered 2011,Queen,36,1976-12-10,60s & 70s Rock,4xfz6zwuiOKePIkCd77vmd,0.322,0.343,0.373
6pnhzWVuH12mZKQ5IQ2laD,You And I - Remastered 2011,Queen,37,1976-12-10,60s & 70s Rock,4xfz6zwuiOKePIkCd77vmd,0.528,0.868,0.54
1r8oPEXqnhUVgkUkJNqEuF,Love Will Tear Us Apart - 2010 Remaster,Joy Division,56,2010,60s & 70s Rock,4xfz6zwuiOKePIkCd77vmd,0.525,0.902,0.907
5fbQCQt91LsVgXusFS0CCD,Disorder - 2007 Remaster,Joy Division,71,1979-06-01,60s & 70s Rock,4xfz6zwuiOKePIkCd77vmd,0.32,0.798,0.74
0JNZGIavoUrdup1NsgJOQs,Alabama Song (Whisky Bar),The Doors,60,1967-01-04,60s & 70s Rock,4xfz6zwuiOKePIkCd77vmd,0.568,0.645,0.901
6UCb3me83cyCV19sjvucte,D'yer Mak'er - 1990 Remaster,Led Zeppelin,0,1973-03-28,60s & 70s Rock,4xfz6zwuiOKePIkCd77vmd,0.537,0.893,0.588
1SDiiE3v2z89VxC3aVRKHQ,Since I've Been Loving You - Remaster,Led Zeppelin,64,1970,60s & 70s Rock,4xfz6zwuiOKePIkCd77vmd,0.393,0.364,0.308
4hLQfgtzEyxme6w5GiwAEy,The Rover - 1993 Remaster,Led Zeppelin,0,1975-02-24,60s & 70s Rock,4xfz6zwuiOKePIkCd77vmd,0.367,0.752,0.401
7v3l2PEaxnex3NylNusT4Y,South Bound Saurez - 1993 Remaster,Led Zeppelin,0,1979-08-15,60s & 70s Rock,4xfz6zwuiOKePIkCd77vmd,0.535,0.897,0.559
2fvLQe9ZlRaEJ5o4sG3TbM,In the Evening - 1990 Remaster,Led Zeppelin,0,1979-08-15,60s & 70s Rock,4xfz6zwuiOKePIkCd77vmd,0.454,0.779,0.509
5MXXbGYNmRHR7ULMvZYo5R,Every 1's a Winner - Single Version,Hot Chocolate,60,1978,60 70 80 Hits,39B23QVYhuUK7xJuJUVVbN,0.727,0.548,0.929
5q3U3cXNtPvbBZAL2bKmbO,The Gates,Da Vinci's Notebook,48,2002,60 70 80 Hits,39B23QVYhuUK7xJuJUVVbN,0.925,0.443,0.938
4aVuWgvD0X63hcOCnZtNFA,Hold the Line,TOTO,84,1978-10-10,60 70 80 Hits,39B23QVYhuUK7xJuJUVVbN,0.473,0.898,0.808
7IJdhXX43QDoTNQeBRxZHu,Ladies Night,Kool & The Gang,0,2009-04-21,60 70 80 Hits,39B23QVYhuUK7xJuJUVVbN,0.521,0.786,0.692
0mLAgHQP1BOkoHhDu622BQ,Get Down On It,Kool & The Gang,0,2000-01-01,60 70 80 Hits,39B23QVYhuUK7xJuJUVVbN,0.889,0.646,0.966
3iSws76HjaU7k49EqJVTfF,"Sugar, Sugar",The Archies,67,2007-11-07,60 70 80 Hits,39B23QVYhuUK7xJuJUVVbN,0.736,0.871,0.967
0D7L4pBEGv8ni1cRfaTdMJ,Play That Funky Music,Various Artists,52,2008-11-18,60 70 80 Hits,39B23QVYhuUK7xJuJUVVbN,0.822,0.87,0.901
3FCto7hnn1shUyZL42YgfO,Piano Man,Billy Joel,66,2001-10-02,60 70 80 Hits,39B23QVYhuUK7xJuJUVVbN,0.334,0.472,0.431
0iOZM63lendWRTTeKhZBSC,"Mrs. Robinson - From ""The Graduate"" Soundtrack",Simon & Garfunkel,78,1968-04-03,60 70 80 Hits,39B23QVYhuUK7xJuJUVVbN,0.606,0.457,0.813
7z85Sqa3JrNebHK8sDtcRG,Crocodile Rock,Elton John,0,1990-01-01,60 70 80 Hits,39B23QVYhuUK7xJuJUVVbN,0.625,0.665,0.97
5coTcHT7K8O3G97y9T4LOU,Lonely People,America,65,1974,60 70 80 Hits,39B23QVYhuUK7xJuJUVVbN,0.557,0.473,0.56
2Nc1Tl1qHWLAtBnqRJmkP3,Boogie Shoes,KC & The Sunshine Band,55,1994-12-13,60 70 80 Hits,39B23QVYhuUK7xJuJUVVbN,0.93,0.767,0.972
0q21FNwES2bbtcduB6kjEU,Dancing in the Moonlight,King Harvest,77,1973-01-01,60 70 80 Hits,39B23QVYhuUK7xJuJUVVbN,0.657,0.435,0.771
2ZMEdXxVSRfMshCDBMjt0o,All Right Now,Free,54,2002-01-01,60 70 80 Hits,39B23QVYhuUK7xJuJUVVbN,0.786,0.469,0.8
3Is0Nnz59rzbNZE491URlY,"(Shake, Shake, Shake) Shake Your Booty",KC & The Sunshine Band,57,2004-10-26,60 70 80 Hits,39B23QVYhuUK7xJuJUVVbN,0.649,0.825,0.961
2PfBSkCKZDXMsJogMT0wML,Jump,Van Halen,0,1984-01-03,60 70 80 Hits,39B23QVYhuUK7xJuJUVVbN,0.547,0.822,0.774
2WfaOiMkCvy7F5fcp2zZ8L,Take on Me,a-ha,89,1985-06-01,60 70 80 Hits,39B23QVYhuUK7xJuJUVVbN,0.573,0.902,0.876
2GAIycsMaDVtMtdvxzR2xI,Bohemian Rhapsody - Remastered 2011,Queen,55,2011-01-01,60 70 80 Hits,39B23QVYhuUK7xJuJUVVbN,0.392,0.402,0.228
6hLqEJg2GnnDG4W0Y64hyD,Cat's in the Cradle,Harry Chapin,54,1974,60 70 80 Hits,39B23QVYhuUK7xJuJUVVbN,0.463,0.484,0.513
3gdewACMIVMEWVbyb8O9sY,"Rocket Man (I Think It's Going To Be A Long, Long Time)",Elton John,84,1972-05-19,60 70 80 Hits,39B23QVYhuUK7xJuJUVVbN,0.601,0.532,0.341
3zByVQLvdXUaDTubfWkpCk,Sweet Caroline,Neil Diamond,0,1969,60 70 80 Hits,39B23QVYhuUK7xJuJUVVbN,0.529,0.127,0.578
1LeWIs2hP2r5yOQnVuYoI5,Ain't No Mountain High Enough,"Marvin Gaye, Tammi Terrell",0,1967-08-29,60 70 80 Hits,39B23QVYhuUK7xJuJUVVbN,0.663,0.6,0.8
0qRR9d89hIS0MHRkQ0ejxX,Rich Girl,Daryl Hall & John Oates,81,1976-08-01,60 70 80 Hits,39B23QVYhuUK7xJuJUVVbN,0.573,0.683,0.817
2Y8i6ntDzXIhCO4UJPl5Qv,Superstition - Single Version,Stevie Wonder,0,2002,60 70 80 Hits,39B23QVYhuUK7xJuJUVVbN,0.643,0.628,0.894
1hQFF33xi8ruavZNyovtUN,"December, 1963 (Oh What a Night!)",Frankie Valli & The Four Seasons,77,1975,60 70 80 Hits,39B23QVYhuUK7xJuJUVVbN,0.737,0.495,0.967
5RsUlxLto4NZbhJpqJbHfN,Jessie's Girl,Rick Springfield,74,1981-03-13,60 70 80 Hits,39B23QVYhuUK7xJuJUVVbN,0.727,0.834,0.816
3yrSvpt2l1xhsV9Em88Pul,Brown Eyed Girl,Van Morrison,83,1967-09,60 70 80 Hits,39B23QVYhuUK7xJuJUVVbN,0.491,0.583,0.908
4BGJSbB5rAcg4pNzD4gfxU,Tiny Dancer,Elton John,0,1971-11-05,60 70 80 Hits,39B23QVYhuUK7xJuJUVVbN,0.415,0.425,0.281
2Nz6aF1umHh5Et6I5H581L,Hooked On A Feeling,Blue Swede,69,2014-09-30,60 70 80 Hits,39B23QVYhuUK7xJuJUVVbN,0.547,0.82,0.933
0EMmVUYs9ZZRHtlADB88uz,Come On Eileen,Dexys Midnight Runners,1,1982-08,60 70 80 Hits,39B23QVYhuUK7xJuJUVVbN,0.45,0.658,0.781
1QEEqeFIZktqIpPI4jSVSF,More Than a Feeling,Boston,82,1976,60 70 80 Hits,39B23QVYhuUK7xJuJUVVbN,0.377,0.681,0.285
11IzgLRXV7Cgek3tEgGgjw,Under Pressure - Remastered 2011,Queen,75,1982-05-03,60 70 80 Hits,39B23QVYhuUK7xJuJUVVbN,0.671,0.711,0.466
4o6BgsqLIBViaGVbx5rbRk,You Make My Dreams (Come True),Daryl Hall & John Oates,83,1980,60 70 80 Hits,39B23QVYhuUK7xJuJUVVbN,0.751,0.501,0.902
5IMtdHjJ1OtkxbGe4zfUxQ,Escape (The Pina Colada Song),Rupert Holmes,78,1979-01-01,60 70 80 Hits,39B23QVYhuUK7xJuJUVVbN,0.836,0.509,0.949
4xh7W7tlNMIczFhupCPniY,Go Your Own Way - 2004 Remaster,Fleetwood Mac,70,1977-02-04,60 70 80 Hits,39B23QVYhuUK7xJuJUVVbN,0.586,0.941,0.831
5pKJtX4wBeby9qIfFhyOJj,Don't Go Breaking My Heart,Elton John,58,1990-11-08,60 70 80 Hits,39B23QVYhuUK7xJuJUVVbN,0.742,0.863,0.776
40riOy7x9W7GXjyGp4pjAv,Hotel California - 2013 Remaster,Eagles,86,1976-12-08,60 70 80 Hits,39B23QVYhuUK7xJuJUVVbN,0.579,0.508,0.609
0GONea6G2XdnHWjNZd6zt3,Summer Of '69,Bryan Adams,85,1984-11-05,60 70 80 Hits,39B23QVYhuUK7xJuJUVVbN,0.508,0.834,0.774
5zA8vzDGqPl2AzZkEYQGKh,Uptown Girl,Billy Joel,83,1983-08-08,60 70 80 Hits,39B23QVYhuUK7xJuJUVVbN,0.701,0.944,0.792
2374M0fQpWi3dLnB54qaLX,Africa,TOTO,87,1982-04-08,60 70 80 Hits,39B23QVYhuUK7xJuJUVVbN,0.671,0.373,0.732
3PR79C1jVvLLLmgdyHkXl3,That's the Way (I Like It) - 2004 Remaster,KC & The Sunshine Band,65,1975-07-06,60 70 80 Hits,39B23QVYhuUK7xJuJUVVbN,0.68,0.877,0.922
6sPOmDulFtLzfX25zICNrC,Build Me Up Buttercup,The Foundations,69,1968-01-01,60 70 80 Hits,39B23QVYhuUK7xJuJUVVbN,0.659,0.513,0.855
43btz2xjMKpcmjkuRsvxyg,Jack & Diane,John Mellencamp,76,1982,60 70 80 Hits,39B23QVYhuUK7xJuJUVVbN,0.811,0.41,0.626
4CB13d6Igb94cWMOQWY3JF,"Signed, Sealed, Delivered (I'm Yours)",Stevie Wonder,0,1970-08-01,60 70 80 Hits,39B23QVYhuUK7xJuJUVVbN,0.672,0.595,0.871
0GiWjFOVWv3mVaNCxkgqlq,"I Can't Help Myself (Sugar Pie, Honey Bunch)",Four Tops,42,1997-01-01,60 70 80 Hits,39B23QVYhuUK7xJuJUVVbN,0.704,0.811,0.965
5ZBeML7Lf3FMEVviTyvi8l,Twist And Shout - Remastered 2009,The Beatles,79,1963-03-22,60 70 80 Hits,39B23QVYhuUK7xJuJUVVbN,0.482,0.849,0.937
5VJjhHyG8NZ5xdgG6uTb3P,Brick House,Commodores,68,1977-01-01,60 70 80 Hits,39B23QVYhuUK7xJuJUVVbN,0.831,0.782,0.631
1xOXXYh6lTW8laxlW7JP2J,Only the Good Die Young,Billy Joel,70,1977,60 70 80 Hits,39B23QVYhuUK7xJuJUVVbN,0.579,0.872,0.761
4yugZvBYaoREkJKtbG08Qr,Take It Easy - 2013 Remaster,Eagles,81,1972-06-01,60 70 80 Hits,39B23QVYhuUK7xJuJUVVbN,0.575,0.67,0.74
2Gy7qnDwt8Z3MNxqat4CsK,Wouldn't It Be Nice,The Beach Boys,70,1966-06-16,60 70 80 Hits,39B23QVYhuUK7xJuJUVVbN,0.392,0.629,0.72
5tVA6TkbaAH9QMITTQRrNv,Free Fallin',Tom Petty,81,1989-01-01,60 70 80 Hits,39B23QVYhuUK7xJuJUVVbN,0.623,0.449,0.572
66FSV5dLK5sNLZ00IfHxfD,Bad Moon Rising,Creedence Clearwater Revival,0,1969-08-03,60 70 80 Hits,39B23QVYhuUK7xJuJUVVbN,0.641,0.774,0.942
4DMKwE2E2iYDKY01C335Uw,Carry on Wayward Son,Kansas,78,1976,60 70 80 Hits,39B23QVYhuUK7xJuJUVVbN,0.482,0.786,0.793
4oDZ5L8izBals6jKBJDBcX,Your Love,The Outfield,7,1985-06-29,60 70 80 Hits,39B23QVYhuUK7xJuJUVVbN,0.579,0.654,0.616
1b7LMtXCXGc2EwOIplI35z,Stuck In The Middle With You,Various Artists,68,2009-01-01,60 70 80 Hits,39B23QVYhuUK7xJuJUVVbN,0.795,0.564,0.961
3qiyyUfYe7CRYLucrPmulD,Baba O'Riley,The Who,79,1971-08-14,60 70 80 Hits,39B23QVYhuUK7xJuJUVVbN,0.489,0.724,0.15
4igIYHF3B5VBxEafHauVo3,Fat Bottomed Girls - Remastered 2011,Queen,70,1978-11-10,60 70 80 Hits,39B23QVYhuUK7xJuJUVVbN,0.337,0.684,0.404
7Ar4G7Ci11gpt6sfH9Cgz5,Listen to the Music,The Doobie Brothers,79,1972,60 70 80 Hits,39B23QVYhuUK7xJuJUVVbN,0.645,0.598,0.913
64UioB4Nmwgn2f4cbIpAkl,It's Still Rock and Roll to Me,Billy Joel,73,1980-03-12,60 70 80 Hits,39B23QVYhuUK7xJuJUVVbN,0.752,0.684,0.539
371VkfwKiXJxgH5ZPoQNHD,The Joker,Steve Miller Band,0,1973-01-01,60 70 80 Hits,39B23QVYhuUK7xJuJUVVbN,0.596,0.448,0.796
4c4jJJoaiY21t2TyRZgdWS,Magic Carpet Ride,Steppenwolf,72,1968-10-01,60 70 80 Hits,39B23QVYhuUK7xJuJUVVbN,0.64,0.651,0.801
4RQgqR09VmHn345vRhKQ6T,Sir Duke,Stevie Wonder,0,1976-09-28,60 70 80 Hits,39B23QVYhuUK7xJuJUVVbN,0.576,0.579,0.947
2qVZpGu1v98tvUAutqyAfJ,Get Down Tonight - 2004 Remaster,KC & The Sunshine Band,57,1975,60 70 80 Hits,39B23QVYhuUK7xJuJUVVbN,0.671,0.776,0.92
3koCCeSaVUyrRo3N2gHrd8,Let's Groove,"Earth, Wind & Fire",78,1981-11-14,60 70 80 Hits,39B23QVYhuUK7xJuJUVVbN,0.869,0.648,0.9
28285KFbyCq8sJofn58qlD,Love Train,The O'Jays,72,1972-01-01,60 70 80 Hits,39B23QVYhuUK7xJuJUVVbN,0.743,0.572,0.675
0ikz6tENMONtK6qGkOrU3c,Wake Me Up Before You Go-Go,Wham!,82,1984-10-23,60 70 80 Hits,39B23QVYhuUK7xJuJUVVbN,0.62,0.573,0.897
7s25THrKz86DM225dOYwnr,Respect,Aretha Franklin,78,1967-03-10,60 70 80 Hits,39B23QVYhuUK7xJuJUVVbN,0.805,0.558,0.965
0rTkE0FmT4zT2xL6GXwosU,I Got You (I Feel Good),James Brown & The Famous Flames,0,1966-01-01,60 70 80 Hits,39B23QVYhuUK7xJuJUVVbN,0.608,0.471,0.682
2dCmGcEOQrMQhMMS8Vj7Ca,Super Freak,Rick James,77,1981-04-07,60 70 80 Hits,39B23QVYhuUK7xJuJUVVbN,0.838,0.794,0.962
4CoGNqLap7UGU5Q3VdKug0,Ain't Too Proud To Beg,The Temptations,68,1966,60 70 80 Hits,39B23QVYhuUK7xJuJUVVbN,0.763,0.656,0.926
4BP3uh0hFLFRb5cjsgLqDh,Fortunate Son,Creedence Clearwater Revival,87,1969-11-02,60 70 80 Hits,39B23QVYhuUK7xJuJUVVbN,0.64,0.663,0.663
43DeSV93pJPT4lCZaWZ6b1,The Boys Are Back In Town,Thin Lizzy,76,1976,60 70 80 Hits,39B23QVYhuUK7xJuJUVVbN,0.445,0.706,0.768
0dOg1ySSI7NkpAe89Zo0b9,Born in the U.S.A.,Bruce Springsteen,76,1984-06-04,60 70 80 Hits,39B23QVYhuUK7xJuJUVVbN,0.398,0.952,0.584
41aOyMZXFwvwRpugIlNCGF,Ramblin' Man,Allman Brothers Band,0,1973-09,60 70 80 Hits,39B23QVYhuUK7xJuJUVVbN,0.311,0.832,0.933
67eX1ovaHyVPUinMHeUtIM,Hurts So Good,John Mellencamp,75,1982,60 70 80 Hits,39B23QVYhuUK7xJuJUVVbN,0.785,0.737,0.971
7b4yGtR0rujvLi5EBfKKJ2,Take Me Home Tonight,Eddie Money,72,1986-10-15,60 70 80 Hits,39B23QVYhuUK7xJuJUVVbN,0.608,0.768,0.748
1ynmMEK1fkyiZ6Z6F3ThEt,Centerfold,The J. Geils Band,74,1981,60 70 80 Hits,39B23QVYhuUK7xJuJUVVbN,0.653,0.677,0.888
7o2CTH4ctstm8TNelqjb51,Sweet Child O' Mine,Guns N' Roses,17,1987-07-21,60 70 80 Hits,39B23QVYhuUK7xJuJUVVbN,0.454,0.91,0.629
1ZhrREyOOeFV6TxDOyiPwu,Take The Money And Run,Steve Miller Band,73,1976-01-01,60 70 80 Hits,39B23QVYhuUK7xJuJUVVbN,0.565,0.645,0.836
7HKez549fwJQDzx3zLjHKC,Start Me Up - Remastered 2009,The Rolling Stones,81,1981-08-24,60 70 80 Hits,39B23QVYhuUK7xJuJUVVbN,0.631,0.932,0.971
0RgcOUQg4qYAEt9RIdf3oB,Shining Star,"Earth, Wind & Fire",68,1975-03-15,60 70 80 Hits,39B23QVYhuUK7xJuJUVVbN,0.676,0.692,0.799
3K0SJUQNbOkUprTFcwwAKN,Jungle Boogie,Kool & The Gang,65,1973-09,60 70 80 Hits,39B23QVYhuUK7xJuJUVVbN,0.808,0.85,0.717
714hERk9U1W8FMYkoC83CO,You Sexy Thing,Hot Chocolate,75,1975,60 70 80 Hits,39B23QVYhuUK7xJuJUVVbN,0.791,0.733,0.962
2M2WJ7gBlcKNxdhyfPp9zY,Best of My Love,The Emotions,74,1977-06-10,60 70 80 Hits,39B23QVYhuUK7xJuJUVVbN,0.784,0.713,0.97
28NBmftocOzTPEb6OYA9fW,Le Freak,CHIC,0,1978-08-11,60 70 80 Hits,39B23QVYhuUK7xJuJUVVbN,0.867,0.746,0.933
5KgbyD2lQQlIupAaPjgiXg,"Night Fever - From ""Saturday Night Fever"" Soundtrack",Bee Gees,77,1979-01-01,60 70 80 Hits,39B23QVYhuUK7xJuJUVVbN,0.733,0.795,0.892
5IKLwqBQG6KU6MP2zP80Nu,We Are Family - 1995 Remaster,Sister Sledge,72,1979-02-15,60 70 80 Hits,39B23QVYhuUK7xJuJUVVbN,0.784,0.893,0.819
6mjlbRIgMTf2nqY0kq1rOJ,I'm Your Boogie Man,KC & The Sunshine Band,57,2004-10-26,60 70 80 Hits,39B23QVYhuUK7xJuJUVVbN,0.753,0.753,0.913
2HsjJJL4DhPCzMlnaGv7ap,Small Town,John Mellencamp,68,1985,60 70 80 Hits,39B23QVYhuUK7xJuJUVVbN,0.659,0.919,0.631
36gPq8WG7tDxrblyGVUCiT,Up Around The Bend,Creedence Clearwater Revival,66,1970-07-25,60 70 80 Hits,39B23QVYhuUK7xJuJUVVbN,0.589,0.85,0.813
2eEmzSR9tmd52w7cqT9yK6,Hold On Loosely,38 Special,46,1987-01-01,60 70 80 Hits,39B23QVYhuUK7xJuJUVVbN,0.541,0.571,0.854
4fUU9WKxEgJXyrZJsUA2iP,Can't You See,The Marshall Tucker Band,70,1973,60 70 80 Hits,39B23QVYhuUK7xJuJUVVbN,0.406,0.713,0.577
1orVKbp6vqtfAPOmvRofVq,Rock'n Me,Steve Miller Band,73,1976-01-01,60 70 80 Hits,39B23QVYhuUK7xJuJUVVbN,0.695,0.582,0.892
0x2wtJbtJrox3SDmnMj97x,Gimme Three Steps,Lynyrd Skynyrd,71,1973-01-01,60 70 80 Hits,39B23QVYhuUK7xJuJUVVbN,0.554,0.74,0.804
7gSQv1OHpkIoAdUiRLdmI6,I Won't Back Down,Tom Petty,79,1989-01-01,60 70 80 Hits,39B23QVYhuUK7xJuJUVVbN,0.765,0.476,0.965
5eYwDBLucWfWI5KsV7oYX2,Mary Jane's Last Dance,Tom Petty and the Heartbreakers,0,2000-01-01,60 70 80 Hits,39B23QVYhuUK7xJuJUVVbN,0.402,0.814,0.516
6H3kDe7CGoWYBabAeVWGiD,Gimme Shelter,The Rolling Stones,79,1969-12-05,60 70 80 Hits,39B23QVYhuUK7xJuJUVVbN,0.634,0.63,0.489
6ztstiyZL6FXzh4aG46ZPD,Boogie Wonderland,"Earth, Wind & Fire",79,1979-06,60 70 80 Hits,39B23QVYhuUK7xJuJUVVbN,0.802,0.756,0.963
6hTcuIQa0sxrrByu9wTD7s,Born to Run,Bruce Springsteen,74,1975-08-25,60 70 80 Hits,39B23QVYhuUK7xJuJUVVbN,0.27,0.944,0.606
0G3fbPbE1vGeABDEZF0jeG,Good Times,CHIC,66,1979-07-30,60 70 80 Hits,39B23QVYhuUK7xJuJUVVbN,0.87,0.657,0.893
