track_id,track_name,track_artist,track_popularity,track_album_id,track_album_name,track_album_release_date,playlist_name,playlist_id,playlist_genre,playlist_subgenre,danceability,energy,key,loudness,mode,speechiness,acousticness,instrumentalness,liveness,valence,tempo,duration_ms,track_album_release_year,track_album_release_decade
4BP3uh0hFLFRb5cjsgLqDh,Fortunate Son,Creedence Clearwater Revival,80,31q47gQszFt0CddSyMksgO,Willy And The Poor Boys,1969-11-02,Dr. Q's Prescription PlaylistðŸ’Š,6jAPdgY9XmxC9cgkXAVmVv,pop,post-teen pop,0.64,0.663,0.0,-7.516,1.0,0.0374,0.201,0.00806,0.152,0.663,132.77,140773.0,1969,70s
1Qc7zCw6k2KTvSEl4IKSdP,The Pusher,Steppenwolf,54,6GLHwIp1K3u1zdLOdPRG0W,Steppenwolf,1968,Badass Rock,44bkJI1QGkT2O0GYJSsbkp,rap,southern hip hop,0.467,0.382,0.0,-13.807,1.0,0.0264,0.236,0.125,0.187,0.704,81.754,350467.0,1968,60s
7r3Hwig1mvtlVq0ZbJ09Wb,Slip Away,Clarence Carter,53,7IWPPkijopGVrwWXRbmQKx,This Is Clarence Carter,1968,Southern Soul BBQ Mix,3nTS97zUqxJBQeiXNRs963,rap,southern hip hop,0.784,0.433,1.0,-9.1,1.0,0.0376,0.299,0.00016,0.0248,0.917,113.491,153298.0,1968,60s
3yrSvpt2l1xhsV9Em88Pul,Brown Eyed Girl,Van Morrison,79,7dsWupQRlFuhG8FGiQAUjC,Blowin' Your Mind!,1967-09,Southern Soul BBQ Mix,3nTS97zUqxJBQeiXNRs963,rap,southern hip hop,0.491,0.583,7.0,-10.964,1.0,0.0376,0.182,0.0,0.407,0.907,150.572,183307.0,1967,60s
0zyyaMpWRZNSx2GqAMFKX3,Can I Change My Mind,Tyrone Davis,38,3WcptYwEwFcxhnhci37i3L,Can I Change My Mind,1969,Southern Soul BBQ Mix,3nTS97zUqxJBQeiXNRs963,rap,southern hip hop,0.545,0.669,1.0,-6.239,0.0,0.0456,0.314,0.0,0.0553,0.886,102.041,177733.0,1969,70s
61Q9oJNd9hJQFhSDh6Qlap,House Of The Rising Sun,The Animals,60,0h5qS8o0dAoPfj6bLg3z3Y,The Best Of The Animals,1966-02,House Of The Rising Sun,1bMYfBHYBCRHY5LGkjlpSy,rock,album rock,0.315,0.534,9.0,-7.552,0.0,0.031,0.000825,0.108,0.101,0.283,116.89,269720.0,1966,60s
2EqlS6tkEnglzr7tkKAAYD,Come Together - Remastered 2009,The Beatles,79,0ETFjACtuP2ADo6LFhL6HN,Abbey Road (Remastered),1969-09-26,House Of The Rising Sun,1bMYfBHYBCRHY5LGkjlpSy,rock,album rock,0.533,0.376,9.0,-11.913,0.0,0.0393,0.0302,0.248,0.0926,0.187,165.007,259947.0,1969,70s
6NxsCnLeLd8Ai1TrgGxzIx,Bad Moon Rising,Creedence Clearwater Revival,24,30sgpxWf6U9417FySmLEGK,Green River (40th Anniversary Edition),1969-08-03,House Of The Rising Sun,1bMYfBHYBCRHY5LGkjlpSy,rock,album rock,0.647,0.762,2.0,-5.856,1.0,0.0287,0.0599,3.35e-06,0.0705,0.93,89.837,141600.0,1969,70s
2aoo2jlRnM3A0NyLQqMN2f,All Along the Watchtower,Jimi Hendrix,76,5z090LQztiqh13wYspQvKQ,Electric Ladyland,1968-10-25,House Of The Rising Sun,1bMYfBHYBCRHY5LGkjlpSy,rock,album rock,0.438,0.805,8.0,-6.237,1.0,0.0624,0.00255,5.69e-05,0.0842,0.564,113.253,240800.0,1968,60s
2PzU4IB8Dr6mxV3lHuaG34,(I Can't Get No) Satisfaction - Mono Version,The Rolling Stones,76,2Q5MwpTmtjscaS34mJFXQQ,Out Of Our Heads,1965-07-30,House Of The Rising Sun,1bMYfBHYBCRHY5LGkjlpSy,rock,album rock,0.723,0.863,2.0,-7.89,1.0,0.0338,0.0383,0.0317,0.128,0.931,136.302,222813.0,1965,60s
63OFKbMaZSDZ4wtesuuq6f,Born To Be Wild,Steppenwolf,73,6GLHwIp1K3u1zdLOdPRG0W,Steppenwolf,1968,House Of The Rising Sun,1bMYfBHYBCRHY5LGkjlpSy,rock,album rock,0.438,0.71,2.0,-12.412,1.0,0.0919,0.262,0.537,0.221,0.53,145.928,210373.0,1968,60s
5y4761pjcksXs1hNsCmc4n,Sunshine Of Your Love,Cream,16,0w6X3DvUlwvxIx2cSJ2L7E,Disraeli Gears (Deluxe Edition),1967-11-02,House Of The Rising Sun,1bMYfBHYBCRHY5LGkjlpSy,rock,album rock,0.691,0.592,2.0,-8.089,1.0,0.0366,0.389,3.29e-05,0.124,0.736,115.152,250400.0,1967,60s
0QwZfbw26QeUoIy82Z2jYp,Good Times Bad Times - 1993 Remaster,Led Zeppelin,70,3ycjBixZf7S3WpC5WZhhUK,Led Zeppelin,1969-01-12,House Of The Rising Sun,1bMYfBHYBCRHY5LGkjlpSy,rock,album rock,0.476,0.717,9.0,-9.192,1.0,0.0949,0.0382,7.61e-05,0.0818,0.753,93.584,166267.0,1969,70s
1oG2vWELiGjIqxwqGcyqwF,You Really Got Me,The Kinks,16,3hXXoaAA09avxBSSxtPIaL,Kinks (Super Deluxe Edition),1964-10-02,House Of The Rising Sun,1bMYfBHYBCRHY5LGkjlpSy,rock,album rock,0.567,0.959,8.0,-3.822,1.0,0.102,0.0995,6.07e-05,0.1,0.961,137.377,133933.0,1964,60s
5X76oXHcR5uCXali0gOyX5,White Room,Cream,18,4M9csrFM1XVEpwMeYUBRmX,Wheels Of Fire (Remastered),1968-07-01,House Of The Rising Sun,1bMYfBHYBCRHY5LGkjlpSy,rock,album rock,0.55,0.576,0.0,-13.475,1.0,0.0306,0.178,0.00935,0.0555,0.486,109.837,303200.0,1968,60s
0wJoRiX5K5BxlqZTolB2LD,Purple Haze,Jimi Hendrix,71,7rSZXXHHvIhF4yUFdaOCy9,Are You Experienced,1967-05-12,House Of The Rising Sun,1bMYfBHYBCRHY5LGkjlpSy,rock,album rock,0.533,0.905,2.0,-5.27,1.0,0.0754,0.00876,0.578,0.0698,0.486,108.9,170813.0,1967,60s
3okPiJwW5nCLpug12sCL4p,All Day and All of the Night,The Kinks,15,3hbGLP1XTH7lNFJ3oHtswQ,Kinks (Deluxe Edition),1964-10-02,House Of The Rising Sun,1bMYfBHYBCRHY5LGkjlpSy,rock,album rock,0.563,0.915,7.0,-5.062,1.0,0.08,0.247,8.46e-05,0.0613,0.71,136.345,142227.0,1964,60s
1xKQbqQtQWrtQS47fUJBtl,Piece of My Heart,Big Brother & The Holding Company,67,2rogKfOpmCFuqNhtGKf2dX,Cheap Thrills,1968-08-12,House Of The Rising Sun,1bMYfBHYBCRHY5LGkjlpSy,rock,album rock,0.443,0.727,4.0,-7.951,1.0,0.145,0.263,0.000141,0.169,0.566,160.82,253333.0,1968,60s
3MODES4TNtygekLl146Dxd,Ramble On - 1990 Remaster,Led Zeppelin,70,70lQYZtypdCALtFVlQAcvx,Led Zeppelin II,1969-10-22,House Of The Rising Sun,1bMYfBHYBCRHY5LGkjlpSy,rock,album rock,0.468,0.607,9.0,-11.367,1.0,0.0336,0.072,0.000852,0.225,0.886,98.429,263333.0,1969,70s
5uvosCdMlFdTXhoazkTI5R,Light My Fire,The Doors,72,1jWmEhn3ggaL6isoyLfwBn,The Doors,1967-01-04,House Of The Rising Sun,1bMYfBHYBCRHY5LGkjlpSy,rock,album rock,0.413,0.725,3.0,-5.787,0.0,0.0324,0.369,2.16e-05,0.0905,0.44,124.618,429760.0,1967,60s
5ZgZhzQGCqVwPydT4CkH0W,"Like a Rolling Stone - Live at Royal Albert Hall, London, UK - May 26, 1966",Bob Dylan,61,4MTOvlFGtVby5EuSotjvVS,The Real Royal Albert Hall 1966 Concert (Live),1966-06-22,House Of The Rising Sun,1bMYfBHYBCRHY5LGkjlpSy,rock,album rock,0.162,0.867,0.0,-7.18,1.0,0.092,0.256,3.37e-05,0.682,0.499,174.851,505240.0,1966,60s
1dv3ePjze9tPq2pk8eWJdR,Gimme Shelter,The Rolling Stones,22,0c78nsgqX6VfniSNWIxwoD,Let It Bleed,1969-12-05,House Of The Rising Sun,1bMYfBHYBCRHY5LGkjlpSy,rock,album rock,0.63,0.616,1.0,-8.128,0.0,0.0309,0.463,0.0408,0.173,0.509,118.65,270773.0,1969,70s
1qRA5BS78u3gME0loMl9AA,For What It's Worth,Buffalo Springfield,73,3PkdGRruLnJ9zCtANiDrpB,Buffalo Springfield,1966-12-05,House Of The Rising Sun,1bMYfBHYBCRHY5LGkjlpSy,rock,album rock,0.653,0.519,2.0,-10.164,1.0,0.0497,0.406,0.0209,0.101,0.822,98.883,153693.0,1966,60s
1zGk1kgAxCpg6PHjGuLe4J,Pinball Wizard,The Who,18,5V71sHQYacjPbHlLsLmk7i,Tommy (Remastered 2013 Super Deluxe Edition),1969-05-23,House Of The Rising Sun,1bMYfBHYBCRHY5LGkjlpSy,rock,album rock,0.543,0.715,2.0,-8.89,1.0,0.0356,0.0192,0.0,0.256,0.468,124.011,180943.0,1969,70s
6ToM0uwxtPKo9CMpbPGYvM,Break on Through (To the Other Side),The Doors,71,1jWmEhn3ggaL6isoyLfwBn,The Doors,1967-01-04,House Of The Rising Sun,1bMYfBHYBCRHY5LGkjlpSy,rock,album rock,0.421,0.751,9.0,-9.584,1.0,0.0472,0.2,0.0,0.17,0.789,89.839,145867.0,1967,60s
45s88Xopo6KvHc0PQ05aGg,My Generation - Mono Version,The Who,56,4upv5ZjkKMIUBjFNthFQih,The Who Sings My Generation (U.S. Version),1966-04-01,House Of The Rising Sun,1bMYfBHYBCRHY5LGkjlpSy,rock,album rock,0.299,0.787,0.0,-7.93,0.0,0.069,0.14,0.0,0.292,0.716,94.798,198867.0,1966,60s
60VcYHxoyOdZyFb1EaKJdN,Up On Cripple Creek - Remastered 2000,The Band,60,0nPrnmv6maJLLaPpy1cWGB,The Band (Expanded Edition),1969-09-22,70s Pop & Rock Hits and Deep Tracks,1uKFRCQYci8kVgMy3xzTVH,rock,album rock,0.72,0.716,9.0,-8.773,1.0,0.0723,0.226,0.00335,0.0932,0.953,144.376,274893.0,1969,70s
7vqubB6rY1NpGVGpHYobbQ,Without You,Harry Nilsson,10,1tRXz3Sc9Er8uM6ZUHkiJj,Everybody's Talkin': The Very Best of Harry Nilsson,1967,70s Pop & Rock Hits and Deep Tracks,1uKFRCQYci8kVgMy3xzTVH,rock,album rock,0.441,0.212,4.0,-13.657,1.0,0.0287,0.556,5.52e-06,0.0578,0.124,65.311,202027.0,1967,60s
2x0supcZhd6NEH1nem9DnR,The Night They Drove Old Dixie Down - Remastered 2000,The Band,63,0nPrnmv6maJLLaPpy1cWGB,The Band (Expanded Edition),1969-09-22,70s Pop & Rock Hits and Deep Tracks,1uKFRCQYci8kVgMy3xzTVH,rock,album rock,0.508,0.493,0.0,-8.786,1.0,0.0327,0.453,0.0,0.241,0.467,127.671,213267.0,1969,70s
7IBfmCrfaR3SLVemWhsucQ,Space Oddity - 1999 Remaster,David Bowie,7,2LQYvrh5jOxAAZjiBX3f2b,Space Oddity (1999 Remaster),1969-11-04,70s Pop & Rock Hits and Deep Tracks,1uKFRCQYci8kVgMy3xzTVH,rock,album rock,0.31,0.423,0.0,-12.902,1.0,0.0324,0.0169,1.35e-05,0.365,0.457,136.205,316333.0,1969,70s
7MX4vfOgVipkrlMyBM2jEq,Cinnamon Girl,Neil Young,0,0j7RCpbD7aKR1olECNnTJ2,Everybody Knows This Is Nowhere (US Release),1969-05-14,70s Pop & Rock Hits and Deep Tracks,1uKFRCQYci8kVgMy3xzTVH,rock,album rock,0.642,0.788,7.0,-6.388,1.0,0.0293,0.0192,0.00259,0.105,0.742,104.643,179960.0,1969,70s
4dBI72rgkmG0gTzswyBTzz,Sweet Thing - 1999 Remaster,Van Morrison,62,4pG3bKkbmReDt5QTDn3JDz,Astral Weeks,1968-11-01,70s Pop & Rock Hits and Deep Tracks,1uKFRCQYci8kVgMy3xzTVH,rock,album rock,0.518,0.385,4.0,-14.636,1.0,0.0339,0.23,0.000226,0.124,0.712,86.604,265547.0,1968,60s
7CAhxeaTYXn1qWNRkZl9ad,"Everybody's Talkin' - From ""Midnight Cowboy""",Harry Nilsson,10,1tRXz3Sc9Er8uM6ZUHkiJj,Everybody's Talkin': The Very Best of Harry Nilsson,1967,70s Pop & Rock Hits and Deep Tracks,1uKFRCQYci8kVgMy3xzTVH,rock,album rock,0.412,0.473,4.0,-10.964,1.0,0.037,0.383,8.41e-05,0.541,0.676,124.411,164907.0,1967,60s
4FdDorlbJTVHcH3djLbIfn,Ode To Billie Joe,Bobbie Gentry,54,05I1EsreLq47JU8pypj7TR,Ode To Billie Joe,1967-08-21,70s Pop & Rock Hits and Deep Tracks,1uKFRCQYci8kVgMy3xzTVH,rock,album rock,0.637,0.189,7.0,-10.726,1.0,0.0471,0.721,0.0,0.0939,0.695,120.142,255002.0,1967,60s
672N8DGGTOLCOgWe0koX5g,I Wanna Be Your Dog,The Stooges,61,3MANoCcmaHWeXSuWiO3iVo,The Stooges,1969-08-05,L' ALBUM ROCK,0jilq2XZP9F2fwzp2k6iXK,rock,album rock,0.527,0.871,4.0,-8.708,1.0,0.0354,0.0229,0.155,0.419,0.107,120.722,188560.0,1969,70s
7ny2ATvjtKszCpLpfsGnVQ,A Hard Rain's A-Gonna Fall,Bob Dylan,59,0o1uFxZ1VTviqvNaYkTJek,The Freewheelin' Bob Dylan,1963-05-27,Nikki Sixx's Top Pixx,5d1arTPDEr76KMg9geDinZ,rock,album rock,0.567,0.198,4.0,-18.681,1.0,0.0327,0.919,0.000871,0.135,0.321,92.467,412200.0,1963,60s
6L5BZEcZmD6RBJnimzlyKr,Nights In White Satin - Single Version / Mono Mix,The Moody Blues,67,3JyYXOBRAuc3XFQxFxrEcM,Days Of Future Passed (Deluxe Version),1967-11-10,The Sound of Album Rock,3yj9YnQGTdnFuKbDyXGDi6,rock,album rock,0.195,0.483,4.0,-4.991,0.0,0.03,0.465,0.497,0.0686,0.173,84.71,269107.0,1967,60s
3KiexfmhxHvG5IgAElmTkd,I Saw Her Standing There - Remastered 2009,The Beatles,71,3KzAvEXcqJKBF97HrXwlgf,Please Please Me (Remastered),1963-03-22,Rock Classics,37i9dQZF1DWXRqgorJj26U,rock,classic rock,0.491,0.801,4.0,-9.835,1.0,0.0361,0.27,0.0,0.0665,0.971,160.109,173947.0,1963,60s
0hCB0YR03f6AmQaHbwWDe8,Whole Lotta Love - 1990 Remaster,Led Zeppelin,76,70lQYZtypdCALtFVlQAcvx,Led Zeppelin II,1969-10-22,Rock Classics,37i9dQZF1DWXRqgorJj26U,rock,classic rock,0.412,0.902,9.0,-11.6,1.0,0.405,0.0484,0.131,0.405,0.422,89.74,333893.0,1969,70s
1RJeiAIwR9pZBgJA8ndZLL,"Paint It, Black - Mono",The Rolling Stones,66,5nKpMsduwp5xqCKq2IbSKv,The Rolling Stones In Mono (Remastered 2016),1966-01-01,Rock Classics,37i9dQZF1DWXRqgorJj26U,rock,classic rock,0.505,0.836,5.0,-7.384,0.0,0.101,0.0103,0.0771,0.295,0.764,159.669,204480.0,1966,60s
4YMLW13PuuO7o3jkIWlKAs,Down On The Corner,Creedence Clearwater Revival,19,4ePaYyKlg5pmQFkLu7TwV7,Willy And The Poor Boys (40th Anniversary Edition),1969-11-02,Rock Classics,37i9dQZF1DWXRqgorJj26U,rock,classic rock,0.831,0.544,0.0,-9.288,1.0,0.0837,0.594,0.00389,0.0736,0.856,108.177,166280.0,1969,70s
4BVE5tIIpYabZcYCbephNW,Touch Me,The Doors,67,75bLu4Ung5QbMdJYxx7wTI,The Soft Parade,1969-07-21,Rock Classics,37i9dQZF1DWXRqgorJj26U,rock,classic rock,0.425,0.903,1.0,-4.801,1.0,0.0732,0.405,0.0128,0.117,0.769,108.748,190253.0,1969,70s
5tmrnhMxx39jnu3kjopMdP,Evil Ways,Santana,60,2hQwyoPiM1G9iLWkXqC2Hu,Santana (Legacy Edition),1969,Classic Rock,5BygwTQ3OrbiwVsQhXFHMz,rock,classic rock,0.704,0.528,5.0,-13.382,1.0,0.0358,0.22,0.35,0.14,0.73,117.472,238267.0,1969,70s
4sQdW03IQh3tsZeBELdt5G,Foxey Lady,Jimi Hendrix,46,719ELjvRzp0lHiLyAuAGj3,Are You Experienced,1967-05-12,Classic Rock,5BygwTQ3OrbiwVsQhXFHMz,rock,classic rock,0.507,0.851,4.0,-5.995,1.0,0.0386,0.0612,0.157,0.371,0.587,98.061,199187.0,1967,60s
5PHGTeEdFxTEb4hepxug86,Turn! Turn! Turn! (To Everything There Is a Season),The Byrds,42,4lkNuTe5xkDTGS4a55R8mC,The Essential Byrds,1965,Classic Rock,5BygwTQ3OrbiwVsQhXFHMz,rock,classic rock,0.449,0.811,2.0,-8.17,1.0,0.0458,0.117,2.28e-05,0.0393,0.736,124.594,229533.0,1965,60s
1gZOnv0YjmFIM2oXVin9ZR,Ramblin' Gamblin' Man,Bob Seger,15,53xftA0H5gUQJS1EIF3llB,Ramblin' Gamblin' Man,1969-04-01,Classic Rock Drive,37i9dQZF1DXdOEFt9ZX0dh,rock,classic rock,0.61,0.864,9.0,-3.77,1.0,0.0514,0.0207,0.0,0.0569,0.875,130.577,145311.0,1969,70s
3lN8PP6R2IxbLP05QpYXng,Born To Be Wild - Single Version,Steppenwolf,67,64q58AfjSrrX9Egp7Zryw8,Steppenwolf,1968-01-01,Classic Rock Workout,37i9dQZF1DWYNSm3Z3MxiM,rock,classic rock,0.439,0.734,2.0,-12.168,1.0,0.097,0.262,0.333,0.244,0.54,145.703,212893.0,1968,60s
4fQMGlCawbTkH9yPPZ49kP,Green Onions,Booker T. & the M.G.'s,64,2aGFVLz0oQPa3uxCfq9lcU,Green Onions,1962,Supernatural Classic Rock,6oghIlByD49KFGNmNU8GSH,rock,classic rock,0.816,0.514,10.0,-8.741,1.0,0.0339,0.767,0.949,0.0899,0.912,136.837,176333.0,1962,60s
1nE78lQ7ix7XNrjuzTE4Jz,Born On The Bayou,Creedence Clearwater Revival,12,04CGA9H5xjYGnGMB8cLYRv,Bayou Country (40th Anniversary Edition),1969-01-05,Supernatural Classic Rock,6oghIlByD49KFGNmNU8GSH,rock,classic rock,0.656,0.601,9.0,-7.734,1.0,0.0389,0.0553,0.0667,0.0974,0.576,117.296,315200.0,1969,70s
25fowDvPAUn4hUkZKzudZp,Cotton Fields,Creedence Clearwater Revival,12,4ePaYyKlg5pmQFkLu7TwV7,Willy And The Poor Boys (40th Anniversary Edition),1969-11-02,Supernatural Classic Rock,6oghIlByD49KFGNmNU8GSH,rock,classic rock,0.588,0.656,9.0,-7.563,1.0,0.0297,0.195,0.0,0.153,0.866,148.691,177267.0,1969,70s
6Ip2Ia3DPgc9PJ6hcQW6Xa,Good Golly Miss Molly,Creedence Clearwater Revival,51,5pCRW9AT4BgoMOS52pRoJq,Bayou Country (40th Anniversary Edition),1969-01-05,Supernatural Classic Rock,6oghIlByD49KFGNmNU8GSH,rock,classic rock,0.566,0.765,10.0,-7.551,0.0,0.0323,0.18,0.0133,0.136,0.969,75.008,161853.0,1969,70s
0wzABO1igQsSy8cQ7dIeHK,Paint It Black,The Rolling Stones,14,19MOC02Ei3l2SalGUGWozw,Aftermath (Remastered),1966-04-15,Classic Rock Legends,3NcxM1LJJdua8AcRxtijNY,rock,classic rock,0.482,0.8,11.0,-9.278,0.0,0.0916,0.0569,0.00223,0.387,0.569,158.81,202267.0,1966,60s
3AhXZa8sUQht0UEdBJgpGc,Like a Rolling Stone,Bob Dylan,71,6YabPKtZAjxwyWbuO9p4ZD,Highway 61 Revisited,1965-08-30,Classic Rock Legends,3NcxM1LJJdua8AcRxtijNY,rock,classic rock,0.483,0.721,0.0,-6.836,1.0,0.032,0.729,0.0,0.189,0.562,95.261,369600.0,1965,60s
6hu1f1cXSw7OAqhpSQ2zDy,Dazed and Confused,Led Zeppelin,63,3ycjBixZf7S3WpC5WZhhUK,Led Zeppelin,1969-01-12,Southern Rock/Classic Rock,0QUlq0LMDVXSBtbyYLTyZh,rock,classic rock,0.271,0.553,2.0,-9.526,1.0,0.0472,0.044,0.0096,0.0999,0.433,86.762,386373.0,1969,70s
6WE7jSshLCuVKoCmobVKVf,Heartbreaker - 1990 Remaster,Led Zeppelin,63,70lQYZtypdCALtFVlQAcvx,Led Zeppelin II,1969-10-22,Southern Rock/Classic Rock,0QUlq0LMDVXSBtbyYLTyZh,rock,classic rock,0.403,0.709,9.0,-9.366,1.0,0.0885,0.0746,0.494,0.132,0.654,97.161,254133.0,1969,70s
0A52Tcklg6nNjkCNFrHwyM,Whipping Post,The Allman Brothers Band,0,6bAGBkLyTrLx1toZx9tq3E,The Allman Brothers Band,1969,Southern Rock/Classic Rock,0QUlq0LMDVXSBtbyYLTyZh,rock,classic rock,0.322,0.601,4.0,-10.699,0.0,0.0357,0.638,0.593,0.0813,0.664,97.654,316893.0,1969,70s
6lFZbCc7pn6Lme1NP7qQqQ,You Can't Always Get What You Want,The Rolling Stones,66,4l4u9e9jSbotSXNjYfOugy,Let It Bleed,1969-12-05,Classic Rock Retrogamer,6gUFdcGzKAHyDXY9TKC6cP,rock,classic rock,0.32,0.62,0.0,-9.686,1.0,0.0594,0.64,6.36e-05,0.253,0.472,86.327,448720.0,1969,70s
5eo3Oql60QR7NL2zcEsbe8,Feelin' Alright?,Traffic,52,0HXUEUFACh0b3VBhm7jBhi,Traffic,1968-01-01,Classic Rock Retrogamer,6gUFdcGzKAHyDXY9TKC6cP,rock,classic rock,0.468,0.527,5.0,-10.781,1.0,0.0407,0.314,0.0,0.234,0.749,94.852,257600.0,1968,60s
29SyMC0plk6qw8NMF7lfRL,You Really Got Me - Mono Mix,The Kinks,72,08G3mGQXuHItbbsFAz50gJ,Kinks,1964-10-02,Classic Rock Retrogamer,6gUFdcGzKAHyDXY9TKC6cP,rock,classic rock,0.573,0.939,8.0,-6.441,1.0,0.0808,0.493,0.0,0.0994,0.963,137.382,134253.0,1964,60s
3uVmR6oQq0NluVZXkipKHV,Expecting to Fly,Buffalo Springfield,43,7hez8jibf36E66GHpFkWz7,Buffalo Springfield Again,1967-10-30,Classic Rock Retrogamer,6gUFdcGzKAHyDXY9TKC6cP,rock,classic rock,0.254,0.349,10.0,-13.283,1.0,0.0302,0.791,0.326,0.0971,0.125,75.521,224200.0,1967,60s
2PuUFT13yCzUOZun94WOXv,Suite: Judy Blue Eyes - Remastered,"Crosby, Stills & Nash",66,6vUWpE8qciYHOhf7mgaGny,"Crosby, Stills & Nash [with Bonus Tracks]",1969-05-29,Classic Rock Retrogamer,6gUFdcGzKAHyDXY9TKC6cP,rock,classic rock,0.451,0.364,9.0,-13.126,1.0,0.0436,0.469,0.0,0.197,0.298,154.206,444053.0,1969,70s
1BCfh9P3b9ghCYrt3N5Bkp,Gimme Shelter - Mono,The Rolling Stones,36,5nKpMsduwp5xqCKq2IbSKv,The Rolling Stones In Mono (Remastered 2016),1966-01-01,Classic Rock Retrogamer,6gUFdcGzKAHyDXY9TKC6cP,rock,classic rock,0.645,0.61,1.0,-8.572,0.0,0.0323,0.529,0.0355,0.137,0.496,118.599,271507.0,1966,60s
1Jmqubf9kGkWeYQXQKImL5,People Are Strange,The Doors,69,6v5IVMmY1IvWtbfnQoiFSf,Strange Days,1967-09-25,Classic Rock Retrogamer,6gUFdcGzKAHyDXY9TKC6cP,rock,classic rock,0.699,0.467,4.0,-8.578,0.0,0.0375,0.685,0.0,0.315,0.764,119.287,130173.0,1967,60s
0Bs0hUYxz7REyIHH7tRhL2,Helter Skelter - Remastered 2009,The Beatles,62,1klALx0u4AavZNEvC4LrTL,The Beatles (Remastered),1968-11-22,Classic Rock Greatest Hits,6TeyryiZ2UEf3CbLXyztFA,rock,classic rock,0.166,0.831,9.0,-8.469,1.0,0.0894,0.000606,0.846,0.811,0.281,167.518,269787.0,1968,60s
0hKRSZhUGEhKU6aNSPBACZ,A Day In The Life - Remastered 2009,The Beatles,66,6QaVfG1pHYl1z15ZxkvVDW,Sgt. Pepper's Lonely Hearts Club Band (Remastered),1967-06-01,Classic Rock Greatest Hits,6TeyryiZ2UEf3CbLXyztFA,rock,classic rock,0.364,0.457,4.0,-14.162,0.0,0.0675,0.29,0.000106,0.922,0.175,163.219,337413.0,1967,60s
3bWGaqVeYKMlLss40mPgNn,"Hello, I Love You",The Doors,62,0qZTwrunzX3LG45PvRghmh,Waiting for the Sun,1968-07-03,Classic Rock Greatest Hits,6TeyryiZ2UEf3CbLXyztFA,rock,classic rock,0.597,0.554,11.0,-14.144,0.0,0.0425,0.029,0.0,0.0766,0.963,117.835,133200.0,1968,60s
1JO1xLtVc8mWhIoE3YaCL0,Happy Together,The Turtles,74,2pMxs38Y5A0mmHrcu3twvB,Happy Together,1967-04,Classic Rock Greatest Hits,6TeyryiZ2UEf3CbLXyztFA,rock,classic rock,0.584,0.367,6.0,-9.638,0.0,0.0328,0.55,1.38e-05,0.0818,0.588,120.175,176293.0,1967,60s
1Dg4dFJr3HW7sbA7vPejre,Eight Days A Week - Remastered 2009,The Beatles,65,1vANZV20H5B4Fk6yf7Ot9a,Beatles For Sale (Remastered),1964-12-04,Classic Rock Greatest Hits,6TeyryiZ2UEf3CbLXyztFA,rock,classic rock,0.652,0.583,9.0,-7.811,1.0,0.038,0.412,0.0,0.119,0.744,138.134,163600.0,1964,60s
3KfbEIOC7YIv90FIfNSZpo,In My Life - Remastered 2009,The Beatles,73,50o7kf2wLwVmOTVYJOTplm,Rubber Soul (Remastered),1965-12-03,Classic Rock Greatest Hits,6TeyryiZ2UEf3CbLXyztFA,rock,classic rock,0.688,0.435,9.0,-11.359,1.0,0.0323,0.449,0.0,0.113,0.435,103.239,146333.0,1965,60s
0pNeVovbiZHkulpGeOx1Gj,Something - Remastered 2009,The Beatles,71,0ETFjACtuP2ADo6LFhL6HN,Abbey Road (Remastered),1969-09-26,Classic Rock Greatest Hits,6TeyryiZ2UEf3CbLXyztFA,rock,classic rock,0.396,0.338,0.0,-10.872,1.0,0.0304,0.198,2.62e-06,0.138,0.377,133.522,182293.0,1969,70s
6qb0O5HW7H4q6R0AbP38Ko,Long Tall Sally (The Thing),Little Richard,1,4CfyfJWb1HSabAjdcLeThs,Here's Little Richard [Remastered & Expanded],1957-03,Blues Rock,56dbowk1V5ycS5jW7DSvi5,rock,classic rock,0.474,0.598,5.0,-5.023,1.0,0.0973,0.768,0.0,0.0841,0.917,184.484,131853.0,1957,60s
4OQjzsqsnSy4YPB9yaRh0f,I Can't Quit You Baby - 2014 Remaster,Led Zeppelin,40,22BzOOZKYZ2jYYKLpOlnET,Led Zeppelin (Deluxe Edition),1969-01-12,Blues Rock,56dbowk1V5ycS5jW7DSvi5,rock,classic rock,0.529,0.452,2.0,-12.593,1.0,0.136,0.534,0.000151,0.301,0.539,78.196,282721.0,1969,70s
0NWPxcsf5vdjdiFUI8NgkP,Hey Joe,Jimi Hendrix,70,7rSZXXHHvIhF4yUFdaOCy9,Are You Experienced,1967-05-12,Blues Rock,56dbowk1V5ycS5jW7DSvi5,rock,classic rock,0.346,0.768,9.0,-5.695,1.0,0.0377,0.00603,0.38,0.0244,0.532,169.492,210160.0,1967,60s
7oy11oZXWxwRYn5DUxk0oW,"One Bourbon, One Scotch, One Beer",John Lee Hooker,2,6PQVGMonlW89Pr5MFTMPvW,The Real Folk Blues,1966-01-01,Blues Rock,56dbowk1V5ycS5jW7DSvi5,rock,classic rock,0.746,0.56,5.0,-14.789,1.0,0.0565,0.494,0.0,0.316,0.853,124.68,184960.0,1966,60s
4gphxUgq0JSFv2BCLhNDiE,Jailhouse Rock,Elvis Presley,73,0C3t1htEDTFKcg7F2rNbek,Elvis' Golden Records,1958-03-21,Blues Rock,56dbowk1V5ycS5jW7DSvi5,rock,classic rock,0.647,0.582,10.0,-9.538,0.0,0.0755,0.41,1.93e-06,0.0715,0.915,167.396,146480.0,1958,60s
7ydzsqzHWi8djS4baQoWbT,Driftin' Blues,Charles Brown,0,2LBWRRkAS3JZIHCrkveIBZ,Driftin' Blues,1963-12-14,Blues Rock,56dbowk1V5ycS5jW7DSvi5,rock,classic rock,0.342,0.239,10.0,-15.682,1.0,0.0394,0.853,2.94e-05,0.0691,0.494,200.639,239813.0,1963,60s
6NWD6siQErobvmydHcmhCw,Crystal Blue Persuasion (45 Version),Tommy James & The Shondells,39,7p1MALL1osde4W6ibJ6nAe,Crystal Blue Persuasion / I'm Alive [Digital 45],1969,70's Classic Rock,76lrxCrKrGDkDDf3SVPnl3,rock,classic rock,0.63,0.292,9.0,-13.263,1.0,0.0389,0.243,7.37e-05,0.484,0.765,99.348,229197.0,1969,70s
4RGxUjaCmVtD30pIhtEi7w,Sunshine Superman,Donovan,59,2ULhVPvdhT7RREnqRWM06G,Sunshine Superman,1966-09,70's Classic Rock,76lrxCrKrGDkDDf3SVPnl3,rock,classic rock,0.629,0.677,1.0,-7.239,1.0,0.0299,0.122,9.72e-06,0.0962,0.627,132.783,195000.0,1966,60s
79MMMdYL00iwKVHBSAUkLY,I Wanna Be Your Dog - 2019 Remaster,The Stooges,54,0Z1Y5L90NjqUD351YUQWdA,The Stooges (50th Anniversary Deluxe Edition) [2019 Remaster],1969-01-01,The Sound of Permanent Wave,4EYSGTuqe9cVfSVpX4gtGv,rock,permanent wave,0.523,0.941,4.0,-4.444,0.0,0.0377,0.0878,0.148,0.106,0.145,120.67,192324.0,1969,70s
5y788ya4NvwhBznoDIcXwK,The Sound of Silence - Acoustic Version,Simon & Garfunkel,74,5pnJrocLlZ3FWEbcr2PTz0,"Wednesday Morning, 3 A.M.",1964-10-19,Permanent wave,0tOy7ZY4E2PadXIyj8zU43,rock,permanent wave,0.525,0.216,6.0,-13.551,1.0,0.0301,0.837,0.0,0.107,0.328,106.761,185413.0,1964,60s
3lX49Bqy21Y5HneUJ7p55G,Sunday Morning,The Velvet Underground,11,1gGjSTfser1MPfowGiuy9l,The Velvet Underground & Nico 45th Anniversary (Super Deluxe Edition),1967-03-12,Permanent Wave,5Go0Jsxj1UnsU7Om841BEo,rock,permanent wave,0.505,0.427,5.0,-13.217,0.0,0.0278,0.0897,0.000561,0.0802,0.477,105.816,175813.0,1967,60s
2g4LWy7YxrbWYA2RJP8nFk,The Black Angel's Death Song,The Velvet Underground,41,4xwx0x7k6c5VuThz5qVqmV,The Velvet Underground & Nico 45th Anniversary,1967-03-12,Permanent Wave,5Go0Jsxj1UnsU7Om841BEo,rock,permanent wave,0.36,0.475,7.0,-9.891,1.0,0.0456,0.646,0.000273,0.123,0.36,121.355,192053.0,1967,60s
0AyAhgf2sihNnGt1ymLhg2,My Death,Scott Walker,24,7e5g6Abbfe8APJn0KSpZb0,Scott,1967,Permanent Wave,5Go0Jsxj1UnsU7Om841BEo,rock,permanent wave,0.255,0.372,4.0,-16.437,0.0,0.0424,0.291,0.0,0.269,0.392,82.417,297480.0,1967,60s
4vpeKl0vMGdAXpZiQB2Dtd,White Rabbit,Jefferson Airplane,69,6lPb7Eoon6QPbscWbMsk6a,Surrealistic Pillow,1967,Permanent Wave,5Go0Jsxj1UnsU7Om841BEo,rock,permanent wave,0.551,0.293,2.0,-12.503,1.0,0.0272,0.486,0.000273,0.0864,0.322,106.798,150640.0,1967,60s
5xUz3xvyPPrNfnBrh9IOZa,Let There Be More Light,Pink Floyd,49,2vnJKtGjZXRUg0mYPZ3HGH,A Saucerful of Secrets,1968-06-29,Permanent Wave,5Go0Jsxj1UnsU7Om841BEo,rock,permanent wave,0.16,0.615,0.0,-8.897,1.0,0.0358,0.689,0.861,0.153,0.302,77.393,336728.0,1968,60s
11VwZwNF29HrqwalYUMitb,Pale Blue Eyes,The Velvet Underground,66,2HOf3Nb44Us8U9oEtKLSrX,The Velvet Underground (45th Anniversary),1969,Intro to Permanent Wave,3QGjcvI9hCZw81NqKq3ZGv,rock,permanent wave,0.637,0.107,5.0,-18.759,1.0,0.0349,0.911,0.00146,0.103,0.296,82.879,339533.0,1969,70s
5nrmGFJ87crVoJF5xdRqwn,Waterloo Sunset - Mono Mix,The Kinks,66,5ktMgVAJtsv4HagfFliWpR,Something Else (Deluxe Edition),1967-09-15,I didnâ€™t know perm stood for permanent (wave),3e6gYPyrTbaB8BWgSHCt5j,rock,permanent wave,0.512,0.69,1.0,-6.969,0.0,0.0249,0.162,0.0,0.167,0.417,107.839,194216.0,1967,60s
2GB8OypbvrvCee61FKx5dp,A Hazy Shade of Winter,Simon & Garfunkel,54,3bzgbgiytguTDnwzflAZr2,Bookends,1968-04-03,I didnâ€™t know perm stood for permanent (wave),3e6gYPyrTbaB8BWgSHCt5j,rock,permanent wave,0.497,0.59,2.0,-11.203,0.0,0.0296,0.139,7.11e-06,0.378,0.969,142.027,137480.0,1968,60s
0xHxeH4QTqlfNrQvczkoTA,I Can't Explain - Stereo Version,The Who,41,6Oc6Ok1Oawu8lRkjmD4mXy,My Generation,1965-12-03,I didnâ€™t know perm stood for permanent (wave),3e6gYPyrTbaB8BWgSHCt5j,rock,permanent wave,0.607,0.783,9.0,-8.391,1.0,0.0505,0.0409,0.0,0.0461,0.843,138.825,125968.0,1965,60s
2Gy7qnDwt8Z3MNxqat4CsK,Wouldn't It Be Nice - Stereo Mix,The Beach Boys,71,6GphKx2QAPRoVGWE9D7ou8,Pet Sounds (Original Mono & Stereo Mix Versions),1966-06-16,I didnâ€™t know perm stood for permanent (wave),3e6gYPyrTbaB8BWgSHCt5j,rock,permanent wave,0.392,0.629,5.0,-7.056,1.0,0.0335,0.718,3.76e-06,0.129,0.72,124.511,153205.0,1966,60s
74y7rve8M2xupgDTSj09VO,Where Have All the Good Times Gone,The Kinks,36,6CkUizIuE5xqy2MwfkbsCM,The Kink Kontroversy,1965-11-26,I didnâ€™t know perm stood for permanent (wave),3e6gYPyrTbaB8BWgSHCt5j,rock,permanent wave,0.589,0.889,7.0,-7.277,1.0,0.0415,0.505,2.15e-05,0.151,0.722,112.816,169093.0,1965,60s
7Dj8lFTfYuB3CkfNpRuWjb,My Generation - Shel Talmy Stereo Version,The Who,1,0zN9LgK90X6gTeEajU7bCG,My Generation (Deluxe Edition),1965-12-03,HARD ROCK CAFE,55ybnG2z8rpTIerRfnCsw6,rock,hard rock,0.444,0.896,0.0,-5.704,0.0,0.0523,0.00875,4.55e-05,0.294,0.804,94.991,201800.0,1965,60s
4YMQXzscifAREG0a7KNGhB,Black Magic Woman - Single Version,Santana,65,1YrdGK2y2Edq2R5gFja2ai,Santana's Greatest Hits,1969,Hard Rock Cafe Classics,3sv5ViKoPDNnZRsklzEGMN,rock,hard rock,0.489,0.349,2.0,-14.295,0.0,0.0323,0.676,0.0789,0.0866,0.622,124.348,196467.0,1969,70s
0plCazD5B9XGKqJgxhgRJm,Strange Brew,Cream,3,4SMNUQCyTvlO4vFEdXXG45,Disraeli Gears (Remastered),1967-11-02,Hard Rock Cafe Classics,3sv5ViKoPDNnZRsklzEGMN,rock,hard rock,0.62,0.398,2.0,-15.676,1.0,0.0303,0.556,6.91e-06,0.273,0.677,106.265,166600.0,1967,60s
3UUwbJd2j4RORlalTUhaDk,Hawaii Five-O,The Ventures,48,3Z2RefmmeYl2m3K2Vj4Yj1,Hawaii Five-O,1969,Hard Rock Cafe Classics,3sv5ViKoPDNnZRsklzEGMN,rock,hard rock,0.518,0.782,9.0,-9.753,1.0,0.0631,0.265,0.654,0.0769,0.861,163.642,113893.0,1969,70s
0vg6ueDexrELdda2VyFlCN,Surfer Joe - Hit Version,The Surfaris,15,6D2OBtb3KN9ESKzK6OpE63,Wipe Out,1963-07-08,Hard Rock Cafe Classics,3sv5ViKoPDNnZRsklzEGMN,rock,hard rock,0.646,0.813,8.0,-7.803,1.0,0.0419,0.52,0.00944,0.0625,0.967,141.691,151373.0,1963,60s
2Vim06YsRb4uJRpbeq6NR6,Hush - 1998 Remaster,Deep Purple,62,5qxy4Qf0ug4rV9YVYGQRn2,Shades of Deep Purple,1968-07-01,Classic Hard Rock,1gAeQGQ7hr2q7IYmaejDW6,rock,hard rock,0.57,0.635,10.0,-10.231,1.0,0.0482,0.00459,0.176,0.0901,0.196,108.431,266840.0,1968,60s
2q9ZHNJl6oCCci1DwAD45v,Light My Fire - New Stereo Mix Advanced Resolution,The Doors,0,22Wa3zp4MwTRxjKlYaHXjK,The Doors [40th Anniversary Mixes],1967-01-04,Classic Hard Rock,1gAeQGQ7hr2q7IYmaejDW6,rock,hard rock,0.462,0.629,4.0,-11.963,0.0,0.0294,0.149,0.000194,0.202,0.675,131.062,418387.0,1967,60s
7rNzap95cCcOafjFtofpBk,Break On Through [To The Other Side] - New Stereo Mix Advanced Resolution,The Doors,0,22Wa3zp4MwTRxjKlYaHXjK,The Doors [40th Anniversary Mixes],1967-01-04,Classic Hard Rock,1gAeQGQ7hr2q7IYmaejDW6,rock,hard rock,0.323,0.704,9.0,-11.585,1.0,0.0573,0.229,1.27e-06,0.228,0.804,183.673,146000.0,1967,60s
6jWkZvd1URGktyTTwcpPpB,My Girl,The Temptations,26,7C4vMPQR8KcbZv4e2ZI0lc,The Temptations Sing Smokey,1965-01-01,School Dance 2019 (Squeaky Clean),0SqaMfNsngZCpPw0UuelA7,latin,latin hip hop,0.579,0.419,0.0,-10.72,1.0,0.0346,0.625,0.0,0.0981,0.673,104.564,165000.0,1965,60s
02K5IV55wIgNNARk3UA95E,Paloma Negra,Chavela Vargas,47,2Z3BXtXY75OOYcJljBozCb,Chavela Vargas,1961-10-26,Urban contemporary,1ZlL3IQS8eB0s0RMxz02yD,r&b,urban contemporary,0.585,0.036,2.0,-14.145,1.0,0.0418,0.859,3.34e-06,0.0908,0.433,151.223,198760.0,1961,60s
0O8Gf1dTGNbEaSYSGk1pcS,Que Bueno Baila Usted,Beny MorÃ©,40,0HLeuihxljxWozRHDvy0Yy,The Most From Beny More,1965,Cuban vibes only,6VWXakL2ojgiVC01I271e2,r&b,urban contemporary,0.485,0.651,5.0,-9.712,1.0,0.107,0.855,0.0152,0.0958,0.588,172.23,196933.0,1965,60s
3APlBPXmTYV1yZO0dngkdq,People Get Ready,The Impressions,11,2qJJcts8W4FQn0i7GcMsPQ,People Get Ready,1965-02-07,The 1950s/1960s/1970s/1980s/1990s/2000s/2010s with pop/r&b/soul/boogie/dance/jazz/hip hop/hop/rap.,1S7BckuYIkEazeNKOSM0uA,r&b,urban contemporary,0.398,0.249,1.0,-12.719,1.0,0.0414,0.906,5.71e-06,0.189,0.349,142.239,163360.0,1965,60s
0CmIALzGn4vHIHJG4n3Q4z,At Last - Single Version,Etta James,25,2pBhXw3Hi1hBf8FpAtE101,At Last!,1960,The 1950s/1960s/1970s/1980s/1990s/2000s/2010s with pop/r&b/soul/boogie/dance/jazz/hip hop/hop/rap.,1S7BckuYIkEazeNKOSM0uA,r&b,urban contemporary,0.168,0.326,5.0,-9.981,1.0,0.0324,0.721,0.0006,0.316,0.322,174.794,182400.0,1960,60s
5qyq1H5OPMlfuvZQ1wQNo7,(Your Love Keeps Lifting Me) Higher & Higher,Jackie Wilson,67,4OgYmImCWz3VK7At9GTWHN,Higher And Higher,1967,The 1950s/1960s/1970s/1980s/1990s/2000s/2010s with pop/r&b/soul/boogie/dance/jazz/hip hop/hop/rap.,1S7BckuYIkEazeNKOSM0uA,r&b,urban contemporary,0.634,0.677,2.0,-7.19,1.0,0.0448,0.318,0.0,0.0902,0.939,95.792,179120.0,1967,60s
0OwvrdjaJOypNsNQHyBWE5,California Soul,Marlena Shaw,62,6TRHI63AVabVkLPou2biv8,The Spice Of Life,1969-01-01,The 1950s/1960s/1970s/1980s/1990s/2000s/2010s with pop/r&b/soul/boogie/dance/jazz/hip hop/hop/rap.,1S7BckuYIkEazeNKOSM0uA,r&b,urban contemporary,0.513,0.826,8.0,-8.407,0.0,0.0574,0.555,3.48e-05,0.366,0.539,94.582,177227.0,1969,70s
6ek9SiEj5a65WIs2EV7qiM,Son Of A Preacher Man,Dusty Springfield,71,5FRB5oQaHxlDNe6gMGuzu2,Dusty In Memphis,1969-03-31,The 1950s/1960s/1970s/1980s/1990s/2000s/2010s with pop/r&b/soul/boogie/dance/jazz/hip hop/hop/rap.,1S7BckuYIkEazeNKOSM0uA,r&b,urban contemporary,0.404,0.43,4.0,-12.327,1.0,0.224,0.538,0.0,0.0802,0.641,180.061,148053.0,1969,70s
0WSlOSMLJWoWUpWci9nnRb,Cissy Strut,The Meters,57,1Nt14TE6bKZGzJrROip36y,The Meters,1969,The 1950s/1960s/1970s/1980s/1990s/2000s/2010s with pop/r&b/soul/boogie/dance/jazz/hip hop/hop/rap.,1S7BckuYIkEazeNKOSM0uA,r&b,urban contemporary,0.507,0.763,0.0,-12.732,1.0,0.0945,0.172,0.886,0.324,0.708,176.193,186853.0,1969,70s
6sPOmDulFtLzfX25zICNrC,Build Me Up Buttercup,The Foundations,72,3j1kw5l2mEeKCUuXXwjhWp,The Foundations,1968-01-01,The 1950s/1960s/1970s/1980s/1990s/2000s/2010s with pop/r&b/soul/boogie/dance/jazz/hip hop/hop/rap.,1S7BckuYIkEazeNKOSM0uA,r&b,urban contemporary,0.66,0.512,0.0,-7.183,1.0,0.0294,0.313,0.0,0.283,0.852,133.607,177533.0,1968,60s
27K3ZDS5B4fwjhwyihrdzC,(What A) Wonderful World - Remastered,Sam Cooke,13,4y3NeFX7yaEzQfxy70NhZ3,The Wonderful World Of Sam Cooke (Remastered),1960,The 1950s/1960s/1970s/1980s/1990s/2000s/2010s with pop/r&b/soul/boogie/dance/jazz/hip hop/hop/rap.,1S7BckuYIkEazeNKOSM0uA,r&b,urban contemporary,0.524,0.543,11.0,-9.889,1.0,0.0397,0.734,0.0,0.275,0.877,128.091,125507.0,1960,60s
5bQduNI1lNfkNbDCKhBNX6,You Can't Hurry Love,The Supremes,13,34xRDpvXJxS6oU7MTKlDtR,The Supremes A' Go-Go (Expanded Edition),1966-08-25,The 1950s/1960s/1970s/1980s/1990s/2000s/2010s with pop/r&b/soul/boogie/dance/jazz/hip hop/hop/rap.,1S7BckuYIkEazeNKOSM0uA,r&b,urban contemporary,0.472,0.712,10.0,-9.301,1.0,0.0758,0.318,0.0,0.0824,0.693,192.915,167933.0,1966,60s
0bfvHnWWOeU1U5XeKyVLbW,Can't Take My Eyes off You,Frankie Valli,65,4Sr5ckiFddtONS3KewaXyb,Solo,1967,The 1950s/1960s/1970s/1980s/1990s/2000s/2010s with pop/r&b/soul/boogie/dance/jazz/hip hop/hop/rap.,1S7BckuYIkEazeNKOSM0uA,r&b,urban contemporary,0.581,0.78,4.0,-7.053,1.0,0.0567,0.508,1.07e-05,0.0799,0.561,123.711,203680.0,1967,60s
7DJsL4jyXA39GDiHFQYQ0t,Mess Around,Ray Charles,59,0cw6Sv7IwZ87aLPPvNPSd0,"Ray Charles (aka: Hallelujah, I Love Her So)",1957-01-01,The 1950s/1960s/1970s/1980s/1990s/2000s/2010s with pop/r&b/soul/boogie/dance/jazz/hip hop/hop/rap.,1S7BckuYIkEazeNKOSM0uA,r&b,urban contemporary,0.565,0.962,8.0,-2.981,1.0,0.064,0.437,0.0,0.056,0.906,148.808,160227.0,1957,60s
76ICmoJ4PcoMWoooaTxnQs,Land of 1000 Dances,Wilson Pickett,61,3fxWzXNMhTz01uShzMARnm,The Exciting Wilson Pickett,1966,The 1950s/1960s/1970s/1980s/1990s/2000s/2010s with pop/r&b/soul/boogie/dance/jazz/hip hop/hop/rap.,1S7BckuYIkEazeNKOSM0uA,r&b,urban contemporary,0.618,0.588,2.0,-11.624,1.0,0.0735,0.0128,0.0266,0.351,0.768,86.903,146973.0,1966,60s
7ziHNBvbvVCSLeqdKDLQR4,Someday At Christmas,Stevie Wonder,59,02NYB7JtjRJV7FWsl4Cdar,Someday At Christmas,1967-11-01,Christmas Soul,6FZYc2BvF7tColxO8PBShV,r&b,neo soul,0.383,0.391,5.0,-10.386,1.0,0.031,0.722,0.0,0.12,0.213,99.7,170840.0,1967,60s
3svlCHYt8YCtAYXjKhrpUs,Winter Wonderland,Aretha Franklin,45,4y31w9vk2A1Wn3GGZCpOpq,Runnin' Out of Fools (Expanded Edition),1964,Christmas Soul,6FZYc2BvF7tColxO8PBShV,r&b,neo soul,0.611,0.359,7.0,-8.026,1.0,0.0253,0.79,0.0,0.391,0.568,106.274,132107.0,1964,60s
7jER4hFurkqwYmeat3qsh5,Jingle Bells,Ella Fitzgerald,11,15up0e6AFIYZbmErIVPU3p,Ella Wishes You A Swinging Christmas (Expanded Edition),1960,Christmas Soul,6FZYc2BvF7tColxO8PBShV,r&b,neo soul,0.688,0.7,7.0,-6.295,1.0,0.0757,0.73,0.0,0.727,0.876,119.117,142547.0,1960,60s
0s8XHbX2z7vNIbOyqKk5YB,Back Door Santa,Clarence Carter,48,56Fl7uCKwUbcRA1V172BbK,Soul Christmas,1968,Christmas Soul,6FZYc2BvF7tColxO8PBShV,r&b,neo soul,0.683,0.473,5.0,-14.698,0.0,0.0307,0.368,2.04e-05,0.313,0.966,103.849,129240.0,1968,60s
46pF1zFimM582ss1PrMy68,Christmas (Baby Please Come Home),Darlene Love,73,2kzkwgOFAtRsDsas5Hi0Qu,A Christmas Gift For You From Phil Spector,1963,Christmas Soul,6FZYc2BvF7tColxO8PBShV,r&b,neo soul,0.343,0.76,3.0,-7.146,1.0,0.0513,0.392,0.000388,0.0773,0.356,126.322,166453.0,1963,60s
51FpzuGkRYXFgsE2zXt9av,When a Man Loves a Woman,Percy Sledge,66,0lj5tDBUt1i1b1Llobu23M,When A Man Loves A Woman,1966,Sexy Soul 2020,5EMARioe9z9eKOeWIAC2JW,r&b,neo soul,0.516,0.15,1.0,-20.41,1.0,0.0272,0.13,0.0755,0.122,0.206,97.398,173867.0,1966,60s
43AOxjjpyDvPE6JGWDv0Eh,Don't Make the Good Girls Go Bad,Della Humphrey,24,3YP7qXhBRYeKjIed99beJb,Old 'N Golden,1967-01-01,Sexy Soul 2020,5EMARioe9z9eKOeWIAC2JW,r&b,neo soul,0.579,0.367,1.0,-11.888,0.0,0.0364,0.0859,4.38e-06,0.258,0.474,76.333,162200.0,1967,60s
1hES47PrbU8GPTI5A9lsr0,I Never Loved a Man (The Way I Love You),Aretha Franklin,54,5WndWfzGwCkHzAbQXVkg2V,I Never Loved a Man the Way I Love You,1967-03-10,Sexy Soul 2020,5EMARioe9z9eKOeWIAC2JW,r&b,neo soul,0.657,0.371,5.0,-9.186,1.0,0.0359,0.367,0.0459,0.157,0.709,134.867,171773.0,1967,60s
6xCnMMPkIIhn3QyGJgd5xd,Ae Mere Zohra Jabeen,"Ravi, Sahir Ludhianvi",56,,,1965-07-28,Hindi 60s-70s,7xhJAbAgeZnLy1XeoAhrxh,,,0.441,0.463,,,,,,,,0.514,,,1965,60s
6Ry6ewFsGGuOJUzmaZ5jeZ,Babuji Dheere Chalna,"O. P. Nayyar, Anju Matthews, Majrooh Sultanpuri",43,,,1954-01-01,Hindi 60s-70s,7xhJAbAgeZnLy1XeoAhrxh,,,0.544,0.26,,,,,,,,0.925,,,1954,60s
0p7EstNUg5VYyD8jxs1Na7,Hai Apna Dil To Aawara - Happy,S. D. Burman,53,,,1958-01-01,Hindi 60s-70s,7xhJAbAgeZnLy1XeoAhrxh,,,0.605,0.469,,,,,,,,0.934,,,1958,60s
5sETCgjWnRx1ZGZGQX8WKS,O Mere Sona Re Sona,Various Artists,0,,,1957-12-31,Hindi 60s-70s,7xhJAbAgeZnLy1XeoAhrxh,,,0.659,0.468,,,,,,,,0.882,,,1957,60s
589V53bqH0F0gFeIkQMRRH,Mere Sapnon Ki Rani,Various Artists,0,,,1969-12-31,Hindi 60s-70s,7xhJAbAgeZnLy1XeoAhrxh,,,0.504,0.532,,,,,,,,0.769,,,1969,70s
5vZYBUjVtsY6JyNUwscES1,Aao Huzoor Tumko,O. P. Nayyar,0,,,1968-12-31,Hindi 60s-70s,7xhJAbAgeZnLy1XeoAhrxh,,,0.492,0.213,,,,,,,,0.515,,,1968,60s
3tXmVOSSEIQpF9AHV7kOYC,Rula Ke Gaya,S. D. Burman,21,,,1967-12-30,Hindi 60s-70s,7xhJAbAgeZnLy1XeoAhrxh,,,0.476,0.255,,,,,,,,0.308,,,1967,60s
4mvkokOAbfjx2J2TVgwVtf,Aaja Sanam Madhur Chandni Men,Shankar Jaikishan,42,,,1957-08-28,Hindi 60s-70s,7xhJAbAgeZnLy1XeoAhrxh,,,0.451,0.441,,,,,,,,0.811,,,1957,60s
1Knb9LvE9jMf7q26rcPWaE,Beqarar Karke Hamen Yun Na Jaiye,Hemant Kumar,39,,,1961-12-01,Hindi 60s-70s,7xhJAbAgeZnLy1XeoAhrxh,,,0.671,0.446,,,,,,,,0.747,,,1961,60s
7nbsgTbBCkHv6X1CaDIzV3,Kabhi Aar Kabhi Paar,O. P. Nayyar,22,,,1954-12-31,Hindi 60s-70s,7xhJAbAgeZnLy1XeoAhrxh,,,0.67,0.753,,,,,,,,0.906,,,1954,60s
4e7yGjCCDy5bh7EyM7JQSV,Leke Pahla Pahla Pyar,O. P. Nayyar,21,,,1956-12-30,Hindi 60s-70s,7xhJAbAgeZnLy1XeoAhrxh,,,0.627,0.538,,,,,,,,0.925,,,1956,60s
3PabYvaXPUp0oDNb9DrvRn,Udhar Tum Hasin Ho,O. P. Nayyar,6,,,1955-12-01,Hindi 60s-70s,7xhJAbAgeZnLy1XeoAhrxh,,,0.402,0.423,,,,,,,,0.747,,,1955,60s
63T7DJ1AFDD6Bn8VzG6JE8,"Paint It, Black",The Rolling Stones,85,,,1966-04-15,Classic Rock Songs 60s 70s 80s 90s,6b2dBnxolvwV2L1L4thWRm,,,0.464,0.795,,,,,,,,0.612,,,1966,60s
0P7DoyGrr4Wp9w5TotEtUC,The Weight - Remastered 2000,The Band,73,,,1968-07-01,Classic Rock Songs 60s 70s 80s 90s,6b2dBnxolvwV2L1L4thWRm,,,0.63,0.551,,,,,,,,0.518,,,1968,60s
0j3p1p06deJ7f9xmJ9yG22,Back In The U.S.S.R. - Remastered 2009,The Beatles,65,,,1968-11-22,Classic Rock Songs 60s 70s 80s 90s,6b2dBnxolvwV2L1L4thWRm,,,0.48,0.969,,,,,,,,0.494,,,1968,60s
2jtUGFsqanQ82zqDlhiKIp,She Came In Through The Bathroom Window - Remastered 2009,The Beatles,59,,,1969-09-26,Classic Rock Songs 60s 70s 80s 90s,6b2dBnxolvwV2L1L4thWRm,,,0.53,0.72,,,,,,,,0.69,,,1969,70s
1zW2csx1vVJrKfvDrFQNVt,Jump in the Line,Harry Belafonte,68,,,1961-07-21,"60s, 70s and 80s Radio",5ZWmriIP1TbQQLcieku1g4,,,0.594,0.889,,,,,,,,0.8,,,1961,60s
3v8d3ku3kiTZVPxEt7a2dE,The Wanderer,Dion,65,,,1961,"60s, 70s and 80s Radio",5ZWmriIP1TbQQLcieku1g4,,,0.59,0.546,,,,,,,,0.855,,,1961,60s
0jvN7eQJJt4nxQzgQfZ1SP,Spirit In The Sky - Deluxe Edition,Norman Greenbaum,77,,,1969-01-01,"60s, 70s and 80s Radio",5ZWmriIP1TbQQLcieku1g4,,,0.609,0.617,,,,,,,,0.543,,,1969,70s
5GjPQ0eI7AgmOnADn1EO6Q,Eleanor Rigby - Remastered 2009,The Beatles,72,,,1966-08-05,"60s, 70s and 80s Radio",5ZWmriIP1TbQQLcieku1g4,,,0.581,0.28,,,,,,,,0.813,,,1966,60s
6dGnYIeXmHdcikdzNNDMm2,Here Comes The Sun - Remastered 2009,The Beatles,85,,,1969-09-26,"60s, 70s and 80s Radio",5ZWmriIP1TbQQLcieku1g4,,,0.557,0.54,,,,,,,,0.394,,,1969,70s
3G7tRC24Uh09Hmp1KZ7LQ2,I'm a Believer - 2006 Remaster,The Monkees,77,,,1967-01-09,"60s, 70s and 80s Radio",5ZWmriIP1TbQQLcieku1g4,,,0.526,0.775,,,,,,,,0.962,,,1967,60s
7tqhbajSfrz2F7E1Z75ASX,Ain't No Mountain High Enough,"Marvin Gaye, Tammi Terrell",87,,,1967-08-29,"60s, 70s and 80s Radio",5ZWmriIP1TbQQLcieku1g4,,,0.663,0.6,,,,,,,,0.8,,,1967,60s
2Gy7qnDwt8Z3MNxqat4CsK,Wouldn't It Be Nice,The Beach Boys,70,,,1966-06-16,"60s, 70s and 80s Radio",5ZWmriIP1TbQQLcieku1g4,,,0.392,0.629,,,,,,,,0.72,,,1966,60s
6MTd61g9zq6CB1FnJydjEb,Sugar Sugar,The Archies,73,,,1969-11-14,"60s, 70s and 80s Radio",5ZWmriIP1TbQQLcieku1g4,,,0.757,0.725,,,,,,,,0.965,,,1969,70s
0iOZM63lendWRTTeKhZBSC,"Mrs. Robinson - From ""The Graduate"" Soundtrack",Simon & Garfunkel,78,,,1968-04-03,"60s, 70s and 80s Radio",5ZWmriIP1TbQQLcieku1g4,,,0.606,0.457,,,,,,,,0.813,,,1968,60s
5J2CHimS7dWYMImCHkEFaJ,A Hard Day's Night - Remastered 2009,The Beatles,70,,,1964-07-10,"60s, 70s and 80s Radio",5ZWmriIP1TbQQLcieku1g4,,,0.59,0.805,,,,,,,,0.797,,,1964,60s
3SdingSsFcZDZAyvcJbgAw,Can't Buy Me Love - Remastered 2009,The Beatles,68,,,1964-07-10,"60s, 70s and 80s Radio",5ZWmriIP1TbQQLcieku1g4,,,0.483,0.677,,,,,,,,0.842,,,1964,60s
4SGBuq37Ol4HJr7pQqFMKa,I Got You Babe,Sonny & Cher,68,,,1965,"60s, 70s and 80s Radio",5ZWmriIP1TbQQLcieku1g4,,,0.629,0.795,,,,,,,,0.6,,,1965,60s
4s6LhHAV5SEsOV0lC2tjvJ,California Dreamin' - Single Version,The Mamas & The Papas,82,,,1966-03,"60s, 70s and 80s Radio",5ZWmriIP1TbQQLcieku1g4,,,0.552,0.608,,,,,,,,0.637,,,1966,60s
6b6IMqP565TbtFFZg9iFf3,"I Can't Help Myself (Sugar Pie, Honey Bunch)",Four Tops,78,,,1965,"60s, 70s and 80s Radio",5ZWmriIP1TbQQLcieku1g4,,,0.667,0.599,,,,,,,,0.971,,,1965,60s
2ZNTPtYmAhN9vCwnAgqKn1,"Shout, Pts. 1 & 2",The Isley Brothers,61,,,1959-08-21,"60s, 70s and 80s Radio",5ZWmriIP1TbQQLcieku1g4,,,0.489,0.866,,,,,,,,0.416,,,1959,60s
7k1gXoiBTddulMBVlKuJIs,Penny Lane - Stereo Mix 2017,The Beatles,45,,,1967-05-26,"60s, 70s and 80s Radio",5ZWmriIP1TbQQLcieku1g4,,,0.617,0.577,,,,,,,,0.627,,,1967,60s
0fRiIPNbwivbP2SbLOTuaI,I Will - Remastered,The Beatles,0,,,1968-11-22,60s 70s 80s Mellow & Chill,7saihTo4D0CbY3oRuEvbr1,,,0.631,0.387,,,,,,,,0.832,,,1968,60s
2yNWwardt8VzlpNBWrGYD6,For Once In My Life,Stevie Wonder,0,,,1968-12-01,60s 70s 80s Mellow & Chill,7saihTo4D0CbY3oRuEvbr1,,,0.566,0.482,,,,,,,,0.856,,,1968,60s
45yEy5WJywhJ3sDI28ajTm,Here Comes The Sun - Remastered,The Beatles,0,,,1969-09-26,60s 70s 80s Mellow & Chill,7saihTo4D0CbY3oRuEvbr1,,,0.557,0.54,,,,,,,,0.394,,,1969,70s
1e0hllQ23AG0QGFgezgLOq,Yesterday - Remastered,The Beatles,3,,,1965-08-06,60s 70s 80s Mellow & Chill,7saihTo4D0CbY3oRuEvbr1,,,0.332,0.179,,,,,,,,0.315,,,1965,60s
0MKqeOVdZcUFGJvWpGCKbG,Come Together - Remastered,The Beatles,0,,,1969-09-26,60s 70s 80s Mellow & Chill,7saihTo4D0CbY3oRuEvbr1,,,0.533,0.376,,,,,,,,0.187,,,1969,70s
5QqdvVeYLL1xvZ1ndUjxnO,In My Life - Remastered,The Beatles,0,,,1965-12-03,60s 70s 80s Mellow & Chill,7saihTo4D0CbY3oRuEvbr1,,,0.688,0.435,,,,,,,,0.435,,,1965,60s
2y8Eez5cFFf2JzD546LThM,Fly Me To The Moon,"Frank Sinatra, Count Basie",0,,,1962-12-10,60s 70s 80s Mellow & Chill,7saihTo4D0CbY3oRuEvbr1,,,0.657,0.26,,,,,,,,0.378,,,1962,60s
1Ud6moTC0KyXMq1Oxfien0,Sympathy For The Devil - 50th Anniversary Edition,The Rolling Stones,77,,,1968-12-06,60s & 70s Rock,4xfz6zwuiOKePIkCd77vmd,,,0.702,0.668,,,,,,,,0.561,,,1968,60s
5UgT7w6zVZjP3oyawMzbiK,The End,The Doors,63,,,1967-01-04,60s & 70s Rock,4xfz6zwuiOKePIkCd77vmd,,,0.347,0.302,,,,,,,,0.0332,,,1967,60s
5VBzIn9cBH4BNa1c6Zilba,How Many More Times - 1993 Remaster,Led Zeppelin,52,,,1969-01-12,60s & 70s Rock,4xfz6zwuiOKePIkCd77vmd,,,0.322,0.68,,,,,,,,0.518,,,1969,70s
1rxD34LAtkafrMUHqHIV76,Bring It on Home - Remaster,Led Zeppelin,54,,,1969-10-22,60s & 70s Rock,4xfz6zwuiOKePIkCd77vmd,,,0.345,0.461,,,,,,,,0.171,,,1969,70s
6hu1f1cXSw7OAqhpSQ2zDy,Dazed and Confused - 1990 Remaster,Led Zeppelin,65,,,1969-01-12,60s & 70s Rock,4xfz6zwuiOKePIkCd77vmd,,,0.271,0.553,,,,,,,,0.433,,,1969,70s
4OMu5a8sFpcRCPCcsoEaov,Babe I'm Gonna Leave You - 1990 Remaster,Led Zeppelin,63,,,1969-01-12,60s & 70s Rock,4xfz6zwuiOKePIkCd77vmd,,,0.404,0.435,,,,,,,,0.156,,,1969,70s
0yVs7eSL8mPnIu2CGKHpUQ,Communication Breakdown - 1990 Remaster,Led Zeppelin,65,,,1969-01-12,60s & 70s Rock,4xfz6zwuiOKePIkCd77vmd,,,0.399,0.946,,,,,,,,0.447,,,1969,70s
7vYA9ET5AUqJt5pBbhKmcB,Don't Let Me Be Misunderstood,The Animals,64,,,1965-09-01,60s & 70s Rock,4xfz6zwuiOKePIkCd77vmd,,,0.513,0.775,,,,,,,,0.518,,,1965,60s
5G7uLHtoEW140QOcBpJlfz,What Is and What Should Never Be - 1990 Remaster,Led Zeppelin,57,,,1969-10-22,60s & 70s Rock,4xfz6zwuiOKePIkCd77vmd,,,0.34,0.472,,,,,,,,0.533,,,1969,70s
1exUq8aG2OMbSeZeTwz06k,In-A-Gadda-Da-Vida - 2006 Remaster Full-Length,Iron Butterfly,52,,,1968-06-14,60s & 70s Rock,4xfz6zwuiOKePIkCd77vmd,,,0.548,0.452,,,,,,,,0.5,,,1968,60s
3BQHpFgAp4l80e1XslIjNI,Yesterday - Remastered 2009,The Beatles,79,,,1965-08-06,60s & 70s Rock,4xfz6zwuiOKePIkCd77vmd,,,0.332,0.179,,,,,,,,0.315,,,1965,60s
3Z25k4ZF6QENy2d9YatsM5,I Want You (She's So Heavy) - Remastered 2009,The Beatles,64,,,1969-09-26,60s & 70s Rock,4xfz6zwuiOKePIkCd77vmd,,,0.37,0.515,,,,,,,,0.42,,,1969,70s
7DD7eSuYSC5xk2ArU62esN,Help! - Remastered 2009,The Beatles,73,,,1965-08-06,60s & 70s Rock,4xfz6zwuiOKePIkCd77vmd,,,0.534,0.725,,,,,,,,0.763,,,1965,60s
5ZBeML7Lf3FMEVviTyvi8l,Twist And Shout - Remastered 2009,The Beatles,79,,,1963-03-22,60s & 70s Rock,4xfz6zwuiOKePIkCd77vmd,,,0.482,0.849,,,,,,,,0.937,,,1963,60s
25yQPHgC35WNnnOUqFhgVR,Lucy In The Sky With Diamonds - Remastered 2009,The Beatles,69,,,1967-06-01,60s & 70s Rock,4xfz6zwuiOKePIkCd77vmd,,,0.311,0.325,,,,,,,,0.668,,,1967,60s
0JNZGIavoUrdup1NsgJOQs,Alabama Song (Whisky Bar),The Doors,60,,,1967-01-04,60s & 70s Rock,4xfz6zwuiOKePIkCd77vmd,,,0.568,0.645,,,,,,,,0.901,,,1967,60s
7s25THrKz86DM225dOYwnr,Respect,Aretha Franklin,78,,,1967-03-10,60 70 80 Hits,39B23QVYhuUK7xJuJUVVbN,,,0.805,0.558,,,,,,,,0.965,,,1967,60s
0rTkE0FmT4zT2xL6GXwosU,I Got You (I Feel Good),James Brown & The Famous Flames,0,,,1966-01-01,60 70 80 Hits,39B23QVYhuUK7xJuJUVVbN,,,0.608,0.471,,,,,,,,0.682,,,1966,60s
4CoGNqLap7UGU5Q3VdKug0,Ain't Too Proud To Beg,The Temptations,68,,,1966,60 70 80 Hits,39B23QVYhuUK7xJuJUVVbN,,,0.763,0.656,,,,,,,,0.926,,,1966,60s
44AyOl4qVkzS48vBsbNXaC,Can't Help Falling in Love,Elvis Presley,82,,,1961-10-20,,,,,0.396,0.293,,,,,,,,0.343,,,1961,60s
4Hhv2vrOTy89HFRcjU3QOx,At Last,Etta James,79,,,1960,,,,,0.274,0.348,,,,,,,,0.328,,,1960,60s
0xxZY5C9xxij3D1HkzbnfC,Monster Mash,"Bobby ""Boris"" Pickett, The Crypt-Kickers",78,,,1962,,,,,0.541,0.504,,,,,,,,0.707,,,1962,60s
4feXcsElKIVsGwkbnTHAfV,Somethin' Stupid,Frank Sinatra,77,,,1967-08,,,,,0.257,0.338,,,,,,,,0.544,,,1967,60s
1kPBT8S2wJFNAyBMnGVZgL,I'd Rather Go Blind,Etta James,77,,,1968-04-18,,,,,0.477,0.433,,,,,,,,0.611,,,1968,60s
1tqT6DhmsrtQgyCKUwotiw,I Heard It Through The Grapevine,Marvin Gaye,76,,,1968-08-26,,,,,0.711,0.362,,,,,,,,0.616,,,1968,60s
4QxDOjgpYtQDxxbWPuEJOy,L-O-V-E,Nat King Cole,76,,,1965-01-11,,,,,0.425,0.373,,,,,,,,0.663,,,1965,60s
5b7OgznPJJr1vHNYGyvxau,Fly Me To The Moon (In Other Words),"Frank Sinatra, Count Basie",75,,,1962-12-10,,,,,0.668,0.26,,,,,,,,0.368,,,1962,60s
6FT83pFXKhDlXDsNJFAHWz,You Never Can Tell,Chuck Berry,75,,,1964-11-01,,,,,0.525,0.852,,,,,,,,0.884,,,1964,60s
6hleUCx3E4gB2urwRvx1QT,Time of the Season - Mono Version,The Zombies,74,,,1968,,,,,0.536,0.696,,,,,,,,0.683,,,1968,60s
0wz1LjDb9ZNEYwOmDJ3Q4b,Surfin' U.S.A. - Remastered 2001,The Beach Boys,74,,,1963-03-25,,,,,0.55,0.854,,,,,,,,0.965,,,1963,60s
1WN4uNclrDuczTO3bCr8s1,Be My Baby,The Ronettes,74,,,1964-11-01,,,,,0.512,0.771,,,,,,,,0.803,,,1964,60s
3spdoTYpuCpmq19tuD0bOe,My Way,Frank Sinatra,75,,,1969-03,,,,,0.401,0.381,,,,,,,,0.229,,,1969,70s
6PgVDY8GTkxF3GmhVGPzoB,"Hold On, I'm Comin'",Sam & Dave,74,,,1966,,,,,0.803,0.338,,,,,,,,0.912,,,1966,60s
72Z17vmmeQKAg8bptWvpVG,Space Oddity - 2015 Remaster,David Bowie,74,,,1969-11-04,,,,,0.31,0.403,,,,,,,,0.466,,,1969,70s
74VR3AkGPhbYXnxcOYa16x,Strangers In The Night,Frank Sinatra,73,,,1966-05,,,,,0.259,0.473,,,,,,,,0.539,,,1966,60s
0zGLlXbHlrAyBN1x6sY0rb,A Sunday Kind Of Love,Etta James,73,,,1960,,,,,0.421,0.285,,,,,,,,0.402,,,1960,60s
6RJK553YhstRzyKA4mug09,The Letter,The Box Tops,73,,,1967,,,,,0.638,0.428,,,,,,,,0.901,,,1967,60s
6YffUZJ2R06kyxyK6onezL,Ring of Fire,Johnny Cash,73,,,1963-08-06,,,,,0.659,0.585,,,,,,,,0.784,,,1963,60s
5uES1C2NgkdrNHiCwf9jRr,Baby Love,The Supremes,72,,,1964-08-31,,,,,0.595,0.643,,,,,,,,0.73,,,1964,60s
0mbS3VwRbO6HVBMPXnzOGA,To Love Somebody,Bee Gees,72,,,1967-07-14,,,,,0.423,0.384,,,,,,,,0.521,,,1967,60s
4uGIJG1jYFonGc4LGp5uQL,Somebody to Love,Jefferson Airplane,72,,,1967,,,,,0.504,0.578,,,,,,,,0.654,,,1967,60s
5K09WxKdlkroDyEVyOSySy,(You Make Me Feel Like) A Natural Woman,Aretha Franklin,72,,,1968-01-22,,,,,0.603,0.271,,,,,,,,0.405,,,1968,60s
1udKn1oNKYQSQ9OmiIWCMu,Do You Believe in Magic?,The Lovin' Spoonful,71,,,1965-11,,,,,0.553,0.738,,,,,,,,0.759,,,1965,60s
7uEcCGtM1FBBGIhPozhJjv,Daydream Believer,The Monkees,71,,,1968-04-22,,,,,0.51,0.488,,,,,,,,0.649,,,1968,60s
1xKQbqQtQWrtQS47fUJBtl,Piece of My Heart,"Big Brother & The Holding Company, Janis Joplin",71,,,1968-08-12,,,,,0.443,0.727,,,,,,,,0.566,,,1968,60s
65jrjEhWfAvysKfnojk1i0,Under the Boardwalk,The Drifters,71,,,1964-06-01,,,,,0.747,0.226,,,,,,,,0.778,,,1964,60s
2fDHuS1PTkHBbCWWZF1ph9,"Folsom Prison Blues - Live at Folsom State Prison, Folsom, CA - January 1968",Johnny Cash,71,,,1968-05-01,,,,,0.621,0.524,,,,,,,,0.889,,,1968,60s
0sjxRg1VlYfx4YG7uxurrq,I Put A Spell On You,Nina Simone,70,,,1965-06-01,,,,,0.42,0.398,,,,,,,,0.364,,,1965,60s
4vju55Ag7apDL2CfotuE7Q,Sunny,Bobby Hebb,70,,,1966-01-01,,,,,0.714,0.338,,,,,,,,0.667,,,1966,60s
1INWPr855fwWdAOeecbu0W,Let's Twist Again,Chubby Checker,70,,,1961-01-01,,,,,0.604,0.709,,,,,,,,0.907,,,1961,60s
4eGHlplaq1ME8oetnTuFFf,Soul Man,Sam & Dave,70,,,1967,,,,,0.79,0.41,,,,,,,,0.815,,,1967,60s
7ngRS53kqxLcEt9Pythc5d,You Don't Own Me,Lesley Gore,70,,,1963-11-01,,,,,0.473,0.434,,,,,,,,0.711,,,1963,60s
18GiV1BaXzPVYpp9rmOg0E,Blowin' in the Wind,Bob Dylan,70,,,1963-05-27,,,,,0.38,0.0993,,,,,,,,0.44,,,1963,60s
1DndHckdH9m5rp6gYP086b,Runaround Sue,Dion,70,,,1961,,,,,0.364,0.607,,,,,,,,0.598,,,1961,60s
3v9xlH6BpmRbqL7hgNJhfT,I Get Around (Mono),The Beach Boys,69,,,1964-07-13,,,,,0.39,0.625,,,,,,,,0.514,,,1964,60s
1UKobFsdqNXQb8OthimCKe,Helplessly Hoping - 2005 Remaster,"Crosby, Stills & Nash",69,,,1969-05-29,,,,,0.483,0.159,,,,,,,,0.423,,,1969,70s
2AxCeJ6PSsBYiTckM0HLY7,Voodoo Child (Slight Return),Jimi Hendrix,69,,,1968-10-25,,,,,0.214,0.91,,,,,,,,0.448,,,1968,60s
36CKza28wMxYdjdzji7ine,I Started A Joke,Bee Gees,69,,,1968-08-11,,,,,0.31,0.464,,,,,,,,0.431,,,1968,60s
1GY8zOFi8rC39xXnD0tKO8,Rescue Me,Fontella Bass,69,,,1966-01-01,,,,,0.678,0.544,,,,,,,,0.963,,,1966,60s
7znjbX9XdoQayIrVNdd50Z,The Girl From Ipanema,"Stan Getz, JoÃ£o Gilberto",69,,,1964,,,,,0.653,0.149,,,,,,,,0.481,,,1964,60s
3SdTKo2uVsxFblQjpScoHy,Stand by Me,Ben E. King,82,,,1962-08-20,,,,,0.65,0.306,,,,,,,,0.605,,,1962,60s
27hhIs2fp6w06N5zx4Eaa5,Dream A Little Dream Of Me,The Mamas & The Papas,75,,,1968-05-01,,,,,0.413,0.313,,,,,,,,0.349,,,1968,60s
7odHgoLFi3GQ90E9PeraI3,Son of a Preacher Man,Dusty Springfield,70,,,1969-03-31,,,,,0.401,0.498,,,,,,,,0.816,,,1969,70s
3zpj9dvJABiyMrmLCPw6i8,Crazy - Single Version,Patsy Cline,68,,,1961-11-27,,,,,0.471,0.021,,,,,,,,0.356,,,1961,60s
2IdwQxhJn9ZE4zIotcCefR,Stormy Weather,Etta James,70,,,1960,,,,,0.262,0.356,,,,,,,,0.426,,,1960,60s
5ZoDwIP1ntHwciLjydJ8X2,My Cherie Amour,Stevie Wonder,68,,,1969-08-01,,,,,0.574,0.507,,,,,,,,0.514,,,1969,70s
1GLmaPfulP0BrfijohQpN5,Don't Worry Baby - Remastered 2001,The Beach Boys,68,,,1964-03-02,,,,,0.487,0.464,,,,,,,,0.851,,,1964,60s
3xsOtNxtBW0oTI1OWKAzTm,Walk on By,Dionne Warwick,67,,,1964,,,,,0.7,0.33,,,,,,,,0.524,,,1964,60s
5jgFfDIR6FR0gvlA56Nakr,Blackbird - Remastered 2009,The Beatles,78,,,1968-11-22,,,,,0.686,0.127,,,,,,,,0.372,,,1968,60s
0PkBTqRtN25z3oKasWoKlj,Only the Lonely,Roy Orbison,67,,,1961,,,,,0.57,0.529,,,,,,,,0.934,,,1961,60s
60jQTAr2OkFcV4SWSRz3st,Emotions,Brenda Lee,67,,,1961-04-03,,,,,0.466,0.416,,,,,,,,0.516,,,1961,60s
7dblNGnRXEBrVJunazs2U5,All I Have to Do Is Dream,The Everly Brothers,66,,,1964-08-01,,,,,0.534,0.462,,,,,,,,0.534,,,1964,60s
3EFb1qDgIqf9MegIryKtDj,"Monday, Monday - Single Version",The Mamas & The Papas,66,,,1966-03,,,,,0.488,0.464,,,,,,,,0.709,,,1966,60s
391TUcoPonqYykPkSZ5Z9U,Save the Last Dance for Me,The Drifters,66,,,1962,,,,,0.54,0.53,,,,,,,,0.896,,,1962,60s
4VijLEUxHEzbWKYL5u9wuN,You Send Me,Aretha Franklin,66,,,1968-06-14,,,,,0.512,0.303,,,,,,,,0.629,,,1968,60s
3nsJGZ5RV2ZHkbKvD771gU,Ooo Baby Baby,Smokey Robinson & The Miracles,65,,,1965-11-01,,,,,0.185,0.344,,,,,,,,0.424,,,1965,60s
0SxFyA4FqmEQqZVuAlg8lf,The First Time Ever I Saw Your Face,Roberta Flack,64,,,1969,,,,,0.311,0.0264,,,,,,,,0.139,,,1969,70s
6V9VCm1zOY2lGR80RehJ9i,Wichita Lineman - Remastered 2001,Glen Campbell,64,,,1968,,,,,0.192,0.392,,,,,,,,0.391,,,1968,60s
07PIhdmyYIw8dMeDMsx9FU,Words,Bee Gees,64,,,1968-02-01,,,,,0.259,0.289,,,,,,,,0.246,,,1968,60s
6cZrsaNb4Zo9E5KHk7gcz5,Who's Lovin' You,The Jackson 5,64,,,1969-12-18,,,,,0.247,0.307,,,,,,,,0.403,,,1969,70s
2zF8ro2hX0aEYaqXQdEKW1,How Sweet It Is (To Be Loved By You),Marvin Gaye,64,,,1965,,,,,0.653,0.49,,,,,,,,0.963,,,1965,60s
5BFWQXNGPYadZxNKxY1UfU,Green Green Grass Of Home,Tom Jones,64,,,1967-03-01,,,,,0.543,0.41,,,,,,,,0.817,,,1967,60s
58CUIzSxNpQUFvTCd8tntH,La-La Means I Love You,The Delfonics,63,,,1968,,,,,0.365,0.548,,,,,,,,0.623,,,1968,60s
24AIahNHzBxm9S12peXbnG,"Moon River (From ""Breakfast at Tiffany's"")",Andy Williams,63,,,1962,,,,,0.281,0.212,,,,,,,,0.195,,,1962,60s
3g2fYZW5v2od8KIF7VktT0,Scarborough Fair / Canticle,Simon & Garfunkel,63,,,1966-10-10,,,,,0.336,0.248,,,,,,,,0.298,,,1966,60s
4Y4Gd3ty8uut6Qw43c7yJc,(Sittin' On) the Dock of the Bay,Otis Redding,63,,,1968-02-23,,,,,0.484,0.312,,,,,,,,0.598,,,1968,60s
6ZSTinOwx5dKFYc6iYyGDn,Leaving on a Jet Plane,"Peter, Paul and Mary",62,,,1967-10-31,,,,,0.414,0.167,,,,,,,,0.384,,,1967,60s
1bYItjcPRtxZs6Ir71O5RB,(I Left My Heart) In San Francisco,Tony Bennett,62,,,1962-06-18,,,,,0.313,0.078,,,,,,,,0.125,,,1962,60s
2Qhvi6R73Zj3cpzRYzcAww,Honey,Bobby Goldsboro,61,,,1968-01-01,,,,,0.399,0.278,,,,,,,,0.597,,,1968,60s
4Y6pdMS2PwGshq1MYcJ9fC,I Will Follow You,Ricky Nelson,61,,,1963-01-01,,,,,0.671,0.442,,,,,,,,0.749,,,1963,60s
7cNRqg0lbiqBaGeOlA4AEU,Up on the Roof,The Drifters,60,,,1964-06-01,,,,,0.693,0.29,,,,,,,,0.92,,,1964,60s
44pN9jfSqY3d3lrKuv3QeN,In Dreams,Roy Orbison,60,,,1963-02-01,,,,,0.495,0.435,,,,,,,,0.71,,,1963,60s
3UCmuRdeTriWgOZMEJsfqZ,Spanish Harlem,Ben E. King,59,,,1961,,,,,0.608,0.594,,,,,,,,0.789,,,1961,60s
77qBwefBIdzymXNCuAI8YX,San Francisco (Be Sure to Wear Some Flowers In Your Hair),Scott McKenzie,59,,,1967-11-01,,,,,0.495,0.67,,,,,,,,0.478,,,1967,60s
4QelFzhVgLomeQhvKrwM1S,Blue Velvet,Bobby Vinton,58,,,1962,,,,,0.376,0.246,,,,,,,,0.282,,,1962,60s
37soQoNhEEIrhhYgHWK1xU,Ain't Nothing Like The Real Thing,"Marvin Gaye, Tammi Terrell",58,,,1968-01-01,,,,,0.606,0.52,,,,,,,,0.765,,,1968,60s
3NFScsiDPfCzKgQQUL0674,Ferry Cross the Mersey - Stereo; 1997 Remaster,Gerry & The Pacemakers,58,,,1965-02-01,,,,,0.396,0.286,,,,,,,,0.605,,,1965,60s
0CczH75yFBo53bVqLRvYn4,Till There Was You - Remastered,Peggy Lee,58,,,1960-01-04,,,,,0.674,0.195,,,,,,,,0.594,,,1960,60s
5Zu9mG353GB3p26t7M5AmR,Trust In Me,Etta James,58,,,1960,,,,,0.486,0.377,,,,,,,,0.5,,,1960,60s
2exbololsmP1XM2gmBEvAW,Misty,Lesley Gore,57,,,1963-06-01,,,,,0.534,0.256,,,,,,,,0.475,,,1963,60s
3o7k5Mcdi0PFAXICTqjxra,Massachusetts - Stereo Version,Bee Gees,57,,,1968-02-01,,,,,0.483,0.573,,,,,,,,0.506,,,1968,60s
1tjpccwiGZTMDfHr5VGCmT,I Wish It Would Rain,The Temptations,57,,,1968,,,,,0.388,0.449,,,,,,,,0.692,,,1968,60s
79Yk6AlSKi5dxDFINID2hS,Someday We'll Be Together,Diana Ross & The Supremes,56,,,1969-11-03,,,,,0.678,0.535,,,,,,,,0.795,,,1969,70s
63rva3TBizr6x1Yp5uwKfD,California Dreamin',The Mamas & The Papas,56,,,1966-03,,,,,0.554,0.667,,,,,,,,0.597,,,1966,60s
3lWuagNhAzcqOikD5KnBku,Crying in the Rain,The Everly Brothers,55,,,1962-06-01,,,,,0.61,0.379,,,,,,,,0.48,,,1962,60s
0tURbnatc9qCxlYpXuPK8I,A Place In The Sun,Stevie Wonder,54,,,1966-11-01,,,,,0.561,0.447,,,,,,,,0.729,,,1966,60s
4QJ1F5dFjDTnoHgew9cdRr,Sweet Happy Life,Peggy Lee,54,,,1966-10-01,,,,,0.698,0.409,,,,,,,,0.897,,,1966,60s
3Rhxe6P1im82NFVkt9X2qZ,I'm Gonna Make You Love Me,"Diana Ross & The Supremes, The Temptations",54,,,1968-11-08,,,,,0.635,0.393,,,,,,,,0.427,,,1968,60s
6NDg4EyQE5lalcCEEpytsM,"(Ummmm, Oh Yeah) Dearest",Buddy Holly,54,,,1969-01-01,,,,,0.548,0.493,,,,,,,,0.568,,,1969,70s
2ID3rNM3hFBjqrLcV0Wr0y,It Was A Very Good Year,Frank Sinatra,53,,,1965-08,,,,,0.215,0.142,,,,,,,,0.126,,,1965,60s
6n3WVi0pxFQuAjAQRPPryY,Cowboys to Girls,The Intruders,53,,,1968-01-01,,,,,0.278,0.432,,,,,,,,0.838,,,1968,60s
27bw4i8LnECzVlbMZ4kFHw,Cathy's Clown - 2007 Remaster,The Everly Brothers,53,,,1960-10,,,,,0.507,0.561,,,,,,,,0.89,,,1960,60s
3bq9YHKExHdNzMCublodNs,I'm So Proud,The Impressions,53,,,1964-09-09,,,,,0.608,0.121,,,,,,,,0.288,,,1964,60s
35IRrhDF5x53hRCcc1okcZ,"Its Been a Long, Long Time",Kitty Kallen,52,,,1963-11-26,,,,,0.271,0.18,,,,,,,,0.416,,,1963,60s
1HzfcOcxJeGmxgf5a6MK0W,Angel Baby,Rosie & The Originals,52,,,1960-12-24,,,,,0.6,0.253,,,,,,,,0.449,,,1960,60s
1t2zYsS4UgIkkuBgSe0fZt,More Than I Can Say,Bobby Vee,51,,,1961-01-01,,,,,0.578,0.295,,,,,,,,0.603,,,1961,60s
6hgY1l6EqrfrHRNrxwKRiK,Love Hurts - 2007 Remaster,The Everly Brothers,50,,,1960-10,,,,,0.65,0.246,,,,,,,,0.539,,,1960,60s
1UBcwKIAUHo7BYAvae6yeA,Wishin' And Hopin',Dusty Springfield,50,,,1964-06-26,,,,,0.683,0.374,,,,,,,,0.707,,,1964,60s
3s2inuLbQQZ7z1GJrdlQr6,Forever,The Marvelettes,49,,,1962-01-01,,,,,0.573,0.431,,,,,,,,0.722,,,1962,60s
11fNLqDB47gMKj7BHhR2Qr,Wake up Little Susie,The Everly Brothers,61,,,1964-08-01,,,,,0.709,0.62,,,,,,,,0.936,,,1964,60s
5t9KYe0Fhd5cW6UYT4qP8f,Good Vibrations - Remastered 2001,The Beach Boys,74,,,1967-09-18,,,,,0.396,0.473,,,,,,,,0.385,,,1967,60s
4joiWvli4qJVEW6qZV2i2J,All My Loving - Remastered 2009,The Beatles,72,,,1963-11-22,,,,,0.416,0.563,,,,,,,,0.9,,,1963,60s
4yQw7FR9lcvL6RHtegbJBh,Think,Aretha Franklin,69,,,1968-06-14,,,,,0.687,0.63,,,,,,,,0.926,,,1968,60s
69RH84na5iUNwrwxpgjC5j,Where Did Our Love Go,The Supremes,69,,,1964-08-31,,,,,0.566,0.49,,,,,,,,0.847,,,1964,60s
5c33j1xFVOL4G24zxYhssB,This Old Heart Of Mine (Is Weak For You),The Isley Brothers,69,,,1966,,,,,0.632,0.59,,,,,,,,0.953,,,1966,60s
6jX5mso4x00c1EiNMrTU9U,Please Mr. Postman - Single Version / Mono,The Marvelettes,68,,,1961,,,,,0.785,0.776,,,,,,,,0.967,,,1961,60s
7AzFID6u1b3zIWbd9pb8Dk,Summer in the City - Remastered,The Lovin' Spoonful,68,,,1966-11,,,,,0.423,0.681,,,,,,,,0.56,,,1966,60s
0Omt3rVppHIlYFXNL1VWgL,Do You Love Me - Mono Single,The Contours,68,,,1962-10-25,,,,,0.596,0.793,,,,,,,,0.8,,,1962,60s
6rLqjzGV5VMLDWEnuUqi8q,Dancing In The Street,Martha Reeves & The Vandellas,68,,,1965-01-01,,,,,0.556,0.57,,,,,,,,0.304,,,1965,60s
48ZjHLkaHpXIlGGYUlb3bZ,Do Wah Diddy Diddy - 2007 Remaster,Manfred Mann,67,,,1963,,,,,0.66,0.583,,,,,,,,0.941,,,1963,60s
3aCbwWCYCT3MJjZeUnlcp4,Baby I Need Your Loving,Four Tops,67,,,1965-01-01,,,,,0.632,0.686,,,,,,,,0.65,,,1965,60s
31A3oqQxDLdG9HRx45z62d,I Only Want To Be With You,Dusty Springfield,66,,,1964-06-26,,,,,0.602,0.684,,,,,,,,0.961,,,1964,60s
252YuUdUaC5OojaBU0H1CP,Come A Little Bit Closer,Jay & The Americans,66,,,1964,,,,,0.636,0.684,,,,,,,,0.881,,,1964,60s
52FlwUMMDnTK8TGkCag9Jd,Stop! In The Name Of Love,The Supremes,66,,,1965-07-23,,,,,0.612,0.444,,,,,,,,0.503,,,1965,60s
1Pq47iFLC5U7j8xeNiNcuS,It's My Party,Lesley Gore,66,,,1963-06-01,,,,,0.692,0.501,,,,,,,,0.961,,,1963,60s
3VgrSJEKBRT3xmwzpaxxEF,(Love Is Like A) Heat Wave,Martha Reeves & The Vandellas,66,,,1963,,,,,0.514,0.624,,,,,,,,0.755,,,1963,60s
5nrmGFJ87crVoJF5xdRqwn,Waterloo Sunset,The Kinks,65,,,1967-09-15,,,,,0.512,0.69,,,,,,,,0.417,,,1967,60s
3YJx77Xx8JSwEoxqrkQO5c,Knock on Wood,Eddie Floyd,63,,,1967,,,,,0.864,0.346,,,,,,,,0.964,,,1967,60s
62nYkaIBesfvQSSwTjPnYS,I Feel Free,Cream,65,,,1966-12-09,,,,,0.375,0.448,,,,,,,,0.564,,,1966,60s
0UERoCKd24PKovd4BwRzBQ,It Takes Two,"Marvin Gaye, Kim Weston",63,,,1966-08-25,,,,,0.523,0.48,,,,,,,,0.81,,,1966,60s
0AZb6ryK8LsFcvY1jWHO61,"Sunshine, Lollipops And Rainbows",Lesley Gore,61,,,1963-11-01,,,,,0.675,0.64,,,,,,,,0.965,,,1963,60s
2S6XOQqWqUBIySUU00vMru,Beggin',Frankie Valli & The Four Seasons,60,,,1967-05-01,,,,,0.59,0.356,,,,,,,,0.375,,,1967,60s
4Dq749x2QP6OXTURJ9GGY8,The Tears Of A Clown,Smokey Robinson & The Miracles,60,,,1967-08-29,,,,,0.593,0.607,,,,,,,,0.953,,,1967,60s
2CT08rpgdut8qQs7IAzMGi,Friday on My Mind,The Easybeats,59,,,1965-01-01,,,,,0.374,0.991,,,,,,,,0.51,,,1965,60s
40XXjm2pU6LGZkLq5VmkaQ,Everlasting Love,Love Affair,59,,,1968-03-04,,,,,0.497,0.569,,,,,,,,0.811,,,1968,60s
6ImmlZj8ysK2jDnqqbKp60,"Hello Mary Lou, Goodbye Heart - Remastered",Ricky Nelson,58,,,1961-01-01,,,,,0.602,0.633,,,,,,,,0.931,,,1961,60s
06JokgprGDKrtZ1eP6z2CQ,Take Good Care Of My Baby,Bobby Vee,58,,,1962-02-01,,,,,0.487,0.441,,,,,,,,0.604,,,1962,60s
760clbeDBWmBsBLbszWuNZ,I'm A Man,Bo Diddley,58,,,1958-01-01,,,,,0.513,0.546,,,,,,,,0.834,,,1958,60s
3qCHUm73I3o5F1mDEfibzo,Gimme Some Lovin' - Single Mix,The Spencer Davis Group,58,,,1966-11-17,,,,,0.598,0.564,,,,,,,,0.43,,,1966,60s
0Hw6SCrtU9pFCjgAONpnGZ,Uptight (Everything's Alright),Stevie Wonder,58,,,1966-05-01,,,,,0.593,0.642,,,,,,,,0.919,,,1966,60s
0jrdWPwYjUZvqfJcwE8ddh,Saturday Night at the Movies,The Drifters,57,,,1965,,,,,0.708,0.545,,,,,,,,0.935,,,1965,60s
3AgY5gLURlcdYBVGv1RVm7,Luck Be A Lady,Frank Sinatra,57,,,1965-11,,,,,0.362,0.398,,,,,,,,0.5,,,1965,60s
23xk9Rf7oIHVUU1JvmXYFn,Mony Mony,Tommy James & The Shondells,57,,,1968-01-01,,,,,0.592,0.834,,,,,,,,0.809,,,1968,60s
0zABw1PtGYHsU4VDpDZsra,Needles and Pins - Mono,The Searchers,57,,,1964-01-01,,,,,0.566,0.953,,,,,,,,0.887,,,1964,60s
4Wzt8Dm4xpO3LjWDecP4bA,She's Not There,The Zombies,68,,,1965-04-30,,,,,0.523,0.803,,,,,,,,0.898,,,1965,60s
4B3gkbr7aGC2sujjgivK0s,I Can't Explain - Mono Version,The Who,55,,,1965-12-03,,,,,0.572,0.688,,,,,,,,0.856,,,1965,60s
4PEeZ2U4UfP2Jo8EtIOjus,96 Tears,? & The Mysterians,55,,,1966,,,,,0.65,0.562,,,,,,,,0.882,,,1966,60s
2uXkW8uJcOIhlbUatEPLPs,Have Love Will Travel,The Sonics,58,,,1965,,,,,0.506,0.948,,,,,,,,0.934,,,1965,60s
2E64SWjM9rQmAshItmdbcw,Communication Breakdown - Remaster,Led Zeppelin,52,,,1969-01-12,,,,,0.375,0.956,,,,,,,,0.381,,,1969,70s
07KYQySlrmE94gaLbhvp4X,Over Under Sideways Down - The Mono Album,The Yardbirds,48,,,1966-07-15,,,,,0.529,0.861,,,,,,,,0.387,,,1966,60s
00oZhqZIQfL9P5CjOP6JsO,Tomorrow Never Knows - Remastered 2009,The Beatles,57,,,1966-08-05,,,,,0.38,0.829,,,,,,,,0.0534,,,1966,60s
2h83AMl3afIAWks8Z3Sn9C,Wipe Out,The Surfaris,41,,,1963-03-06,,,,,0.386,0.492,,,,,,,,0.699,,,1963,60s
3fElupNRLRJ0tbUDahPrAb,I'm Waiting For The Man,"The Velvet Underground, Nico",60,,,1967-03-12,,,,,0.679,0.645,,,,,,,,0.826,,,1967,60s
5H0laZ62yDUPuKvHef8niK,Itchycoo Park (Mono Version) - 2012 Remaster,Small Faces,55,,,1967-12-31,,,,,0.613,0.555,,,,,,,,0.556,,,1967,60s
6LbOC2J8ojSTwE6qIS4Eyh,Seven and Seven Is,Love,27,,,1966-11-01,,,,,0.453,0.788,,,,,,,,0.55,,,1966,60s
3qcyIr1omzr2MDPAvsh0it,"Mini, mini, mini",Jacques Dutronc,39,,,1966-06-30,,,,,0.773,0.483,,,,,,,,0.755,,,1966,60s
6nnSkEpzo8PmHsOlSopoO6,Can't Seem To Make You Mine,The Seeds,47,,,1966,,,,,0.699,0.384,,,,,,,,0.584,,,1966,60s
3NINDFPIYnyT26cWWRomOQ,Dirty Water,The Standells,47,,,1966-05-01,,,,,0.62,0.781,,,,,,,,0.864,,,1966,60s
16iApoNZYaN6gbMtRRVV6B,Incense And Peppermints,Strawberry Alarm Clock,53,,,1967,,,,,0.484,0.655,,,,,,,,0.634,,,1967,60s
2rzsi8v63YA1LGJE4yLRBQ,Pretty Big Mouth,Count Five,42,,,1966-01-01,,,,,0.587,0.573,,,,,,,,0.686,,,1966,60s
5YgCmkSdGukXqK3fJlX4pQ,I Had Too Much to Dream (Last Night),The Electric Prunes,50,,,1967,,,,,0.358,0.554,,,,,,,,0.419,,,1967,60s
6cQdZhnwKIeLud5qTD7BuQ,(We Ain't Got) Nothin' Yet,The Blues Magoos,40,,,1966-01-01,,,,,0.398,0.864,,,,,,,,0.782,,,1966,60s
7JoPxqrnT3eq02AnflBSiN,I Want Candy,The Strangeloves,43,,,1965,,,,,0.669,0.848,,,,,,,,0.661,,,1965,60s
3VyJGPYr2DF9gdBNosSao4,Can't Find My Way Home,Blind Faith,62,,,1969-08,,,,,0.519,0.337,,,,,,,,0.523,,,1969,70s
0MRs5O62wfDgf5cQKalrPq,Pictures of Matchstick Men - Mono Version,Status Quo,52,,,1968-09-27,,,,,0.241,0.604,,,,,,,,0.417,,,1968,60s
1F7euzYeo32NncoyEBo63v,Zig Zag Wanderer,Captain Beefheart & His Magic Band,45,,,1967,,,,,0.428,0.843,,,,,,,,0.885,,,1967,60s
3uCkIqD0VzQUijbs8WIizs,These Days,Nico,66,,,1967-10-09,,,,,0.401,0.13,,,,,,,,0.213,,,1967,60s
5PHkCHXokZY9u29qLHlgGV,Waitin' Around to Die,Townes Van Zandt,41,,,1968,,,,,0.605,0.526,,,,,,,,0.54,,,1968,60s
2rtaHm5SkgFzVa5Gr8oTW6,Telstar,The Tornados,43,,,1962-08-17,,,,,0.196,0.751,,,,,,,,0.629,,,1962,60s
1PmLQePsJbx0n4JjX9RFUj,Johnny Remember Me,John Leyton,37,,,1960-11-26,,,,,0.342,0.751,,,,,,,,0.481,,,1960,60s
6MOEQCtAWNSCmvg3SFKF5y,Season of the Witch,Donovan,67,,,1966-09,,,,,0.516,0.513,,,,,,,,0.694,,,1966,60s
3jBCwLVmmfKUH8321N4bdd,Shifting Sands,The West Coast Pop Art Experimental Band,46,,,1967,,,,,0.226,0.585,,,,,,,,0.655,,,1967,60s
4Sb3TdqgOi35RoL78Y1LtC,Complication,The Monks,15,,,1966-03-01,,,,,0.476,0.731,,,,,,,,0.613,,,1966,60s
6ybSSVTO6vMVJUk2bM68Y7,Lies (are breaking my heart),The Knickerbockers,31,,,1965-01-01,,,,,0.491,0.696,,,,,,,,0.893,,,1965,60s
5rGD8FFgHw74cp3RPhucyg,Maggie's Farm,Bob Dylan,46,,,1965-03-22,,,,,0.415,0.72,,,,,,,,0.619,,,1965,60s
7LIKiKUV9WifyLyLhO2XaY,Light Flight,Pentangle,38,,,1969-10-01,,,,,0.518,0.493,,,,,,,,0.816,,,1969,70s
0wwbxSLnXXws3sD0AKMfUT,Oscillations,Silver Apples,37,,,1968-06-01,,,,,0.492,0.553,,,,,,,,0.431,,,1968,60s
14CsqOaDkOkrZ49UJLtuOJ,"So Long, Marianne",Leonard Cohen,59,,,1967-12-27,,,,,0.543,0.395,,,,,,,,0.231,,,1967,60s
0lGEWOZvMexZFXckBJxlVO,A Minha Menina,Os Mutantes,52,,,1968-01-01,,,,,0.463,0.926,,,,,,,,0.437,,,1968,60s
2RGoQSyesiUe15WN5ybjKw,Terry,Twinkle,32,,,1964-01-01,,,,,0.603,0.506,,,,,,,,0.735,,,1964,60s
2j25bv2cpByJLaNZRKEBwR,Trouble Every Day,The Mothers Of Invention,41,,,1966-06-27,,,,,0.311,0.775,,,,,,,,0.477,,,1966,60s
3pYM1COOgzTV1QUokz2BSX,Death Cab for Cutie - 2007 Remaster,The Bonzo Dog Band,34,,,1967-10-01,,,,,0.544,0.341,,,,,,,,0.566,,,1967,60s
7IyDLBtIXS2EKZEt8trS03,The Hedgehog's Song - 2010 Remaster,The Incredible String Band,36,,,1967,,,,,0.675,0.444,,,,,,,,0.65,,,1967,60s
6MqfTP3OwngywVTOS5OAFt,Memphis Soul Stew,King Curtis,55,,,1967,,,,,0.724,0.601,,,,,,,,0.886,,,1967,60s
6eFgjBTF91pOZTQ8t7xBHv,Tell Mama,Etta James,53,,,1968-04-18,,,,,0.676,0.784,,,,,,,,0.937,,,1968,60s
6uPuweWZXRKhP2i9sBmun4,Say It Loud - I'm Black And I'm Proud - Pts.1 & 2,James Brown,32,,,1969-01-01,,,,,0.83,0.44,,,,,,,,0.943,,,1969,70s
5YdMKQEtVQG03RkRDNXGq4,Potatoe Mash,Ike & Tina Turner,31,,,1961-02-02,,,,,0.64,0.915,,,,,,,,0.922,,,1961,60s
16dz1n3ctolQbuZPtvHVqH,Love Man,Otis Redding,61,,,1969,,,,,0.588,0.611,,,,,,,,0.937,,,1969,70s
0vstoapfzoOlqD8zurG2uJ,Twenty Five Miles,Edwin Starr,55,,,1969-01-01,,,,,0.814,0.836,,,,,,,,0.964,,,1969,70s
2geMYfXFhqZFMdrF08XSLz,Girls Can't Do What the Guys Do,Betty Wright,41,,,1968,,,,,0.485,0.661,,,,,,,,0.875,,,1968,60s
35w6fQ0Wnuv7aIryRx7gTq,B-A-B-Y,Carla Thomas,59,,,1966,,,,,0.74,0.301,,,,,,,,0.669,,,1966,60s
4gBDbXvzx8uDEWrA7Qo1KZ,Papa's Got a Brand New Bag,Charles Wright & The Watts 103rd Street Rhythm Band,30,,,1968,,,,,0.835,0.481,,,,,,,,0.75,,,1968,60s
6uu9g2xpWSPda9SFPvrAmO,Funky Street,Arthur Conley,33,,,1968,,,,,0.7,0.903,,,,,,,,0.853,,,1968,60s
2Zk0eoq7d6Vw0fRVRXPWnc,Shotgun,Jr. Walker & The All Stars,58,,,1965-02-03,,,,,0.751,0.683,,,,,,,,0.631,,,1965,60s
4FgpSAmdj1G6QxyPaYFwOy,Don't Knock It,Sam & Dave,30,,,1967,,,,,0.787,0.361,,,,,,,,0.948,,,1967,60s
6IIcvtmuGpWIasqOpyGlyY,"Tighten Up, Pt. 1",Archie Bell & The Drells,50,,,1968,,,,,0.708,0.441,,,,,,,,0.724,,,1968,60s
4NRQwaks9r58tTDvr4iEyv,In the Midnight Hour,Wilson Pickett,68,,,1965,,,,,0.75,0.444,,,,,,,,0.849,,,1965,60s
0mfQH4OgwV8aQ7JUgVjkhd,Sing a Simple Song,The Meters,33,,,1969,,,,,0.588,0.8,,,,,,,,0.828,,,1969,70s
3QbfWiLvHcAMYmdRPd9WnX,Sing a Simple Song - Single Version,Sly & The Family Stone,39,,,1969-05-03,,,,,0.463,0.693,,,,,,,,0.735,,,1969,70s
62ylA6rQ8lgVn94VW00NTB,But It's Alright,J.J. Jackson,38,,,1969-01-01,,,,,0.627,0.803,,,,,,,,0.961,,,1969,70s
2gFfG8Ick2LGOzFHiWOV22,Tramp,"Otis Redding, Carla Thomas",51,,,1967-03-16,,,,,0.89,0.377,,,,,,,,0.907,,,1967,60s
2DxX9x7Cmywikp14l1YUdk,Who's Making Love,Johnnie Taylor,45,,,1968,,,,,0.79,0.349,,,,,,,,0.696,,,1968,60s
3evKZi4dI9Nw7Hit26XFN9,I Can't Stop Dancing,Archie Bell & The Drells,37,,,1968,,,,,0.565,0.729,,,,,,,,0.818,,,1968,60s
5SUq4LjsJjYSGq9IIjEiBP,Licking Stick - Licking Stick,James Brown,28,,,1969-01-01,,,,,0.736,0.568,,,,,,,,0.962,,,1969,70s
5LxvwujISqiB8vpRYv887S,I Want You Back,The Jackson 5,80,,,1969-12-18,,,,,0.469,0.538,,,,,,,,0.886,,,1969,70s
5QC0qgroozRGGHAJuTsP4c,Different Strokes,Syl Johnson,44,,,1968-01-01,,,,,0.838,0.743,,,,,,,,0.785,,,1968,60s
08ybbD5OdywKrC0vuFBhRt,"A Dance, a Kiss and a Song",Charles Wright & The Watts 103rd Street Rhythm Band,24,,,1968,,,,,0.552,0.456,,,,,,,,0.948,,,1968,60s
22t9iuxxXPGYuRZ0R0Mgej,Doin' Our Thing,Clarence Carter,26,,,1969,,,,,0.679,0.562,,,,,,,,0.915,,,1969,70s
6mRWYqhRPJVyYpLOLvbtRg,Mother Popcorn - Pt. 1,James Brown,41,,,1969-01-01,,,,,0.944,0.748,,,,,,,,0.898,,,1969,70s
6y8o4V2R2dSt2ijgL8C72W,(I Know) I'm Losing You,The Temptations,45,,,1967-07-17,,,,,0.634,0.503,,,,,,,,0.813,,,1967,60s
2JjIeCdqjAlvUqA4FUmjuB,In The Middle (Parts 1 And 2),James Brown,27,,,1969-01-01,,,,,0.737,0.65,,,,,,,,0.64,,,1969,70s
6g2RtR71Qj12dKQIwPpFJc,Bold Soul Sister,Ike & Tina Turner,34,,,1969-01-17,,,,,0.775,0.688,,,,,,,,0.93,,,1969,70s
46Yw4kZuQEhGY2qN9Yd5lt,You Can't Miss What You Can't Measure,Clarence Carter,28,,,1969,,,,,0.608,0.525,,,,,,,,0.96,,,1969,70s
5kw1G5yV00UUUHCIaTZFIt,She's Lookin' Good,Tyrone Davis,24,,,1969,,,,,0.432,0.854,,,,,,,,0.368,,,1969,70s
1mvsBRtgjW7sxKRNguQtz4,Here Comes the Meter Man,The Meters,39,,,1969,,,,,0.569,0.888,,,,,,,,0.896,,,1969,70s
1VsMIGb2CX63J2Yt1sa12v,The Worm,Jimmy McGriff,38,,,1968,,,,,0.764,0.695,,,,,,,,0.961,,,1968,60s
5ECdtBtFPaOe1wMfLKMsro,It's Your Thing,The Temptations,24,,,1969-01-01,,,,,0.53,0.746,,,,,,,,0.7,,,1969,70s
2e8ydLYXuH7MEj9eGjqlaz,I Can't Stand Myself (When You Touch Me),James Brown,27,,,1968-03-01,,,,,0.84,0.733,,,,,,,,0.755,,,1968,60s
6vJCfp5FWFiiLpp8l8azbp,O' Baby (I Believe I'm Losing You),Billy Hawks,30,,,1968-01-01,,,,,0.698,0.656,,,,,,,,0.606,,,1968,60s
0AQquaENerGps8BQmbPw14,Big Iron,Marty Robbins,71,,,1959,,,,,0.726,0.474,,,,,,,,0.57,,,1959,60s
3XG7bMVcMWLIn2k9jLAaAt,King Of The Road,Roger Miller,64,,,1965-01-01,,,,,0.67,0.272,,,,,,,,0.613,,,1965,60s
2Cb2l4UoXynCHCeCYHRZN8,Stand By Your Man,Tammy Wynette,53,,,1968,,,,,0.563,0.331,,,,,,,,0.608,,,1968,60s
0mLoTgCB8oU0sJGojRtvDu,Gentle On My Mind - Remastered 2001,Glen Campbell,61,,,1967,,,,,0.597,0.415,,,,,,,,0.826,,,1967,60s
2LyRC7gfWFJd6JI5i8fTJe,The Race Is On,George Jones,59,,,1964-11-01,,,,,0.428,0.701,,,,,,,,0.918,,,1964,60s
7gtrXOGETM9OkerNjNXeie,Waiting Around to Die,Townes Van Zandt,55,,,1969-09,,,,,0.551,0.233,,,,,,,,0.659,,,1969,70s
6zFsz86nAj5gcvzyVqNL3k,I Fall To Pieces - Single Version,Patsy Cline,64,,,1961-11-27,,,,,0.54,0.0568,,,,,,,,0.506,,,1961,60s
42mWEvGlwKGhVQs8XkvQKP,She Thinks I Still Care,George Jones,53,,,1962-01-01,,,,,0.591,0.424,,,,,,,,0.613,,,1962,60s
0HLBLRkkTOlAmjonShicD0,I'll Be Here in the Morning,Townes Van Zandt,55,,,1969-09,,,,,0.558,0.17,,,,,,,,0.635,,,1969,70s
5xMNjx7uqCzMpJZSo4Wq55,"A Boy Named Sue - Live at San Quentin State Prison, San Quentin, CA - February 1969",Johnny Cash,59,,,1969-06-04,,,,,0.63,0.489,,,,,,,,0.796,,,1969,70s
2HKafPuzWaKsCzcE3zFOIX,Poetry In Motion - 1960 #2 Billboard chart hit,Johnny Tillotson,52,,,1962,,,,,0.485,0.706,,,,,,,,0.912,,,1962,60s
5f38UWziNmvOjdMHvwxsL9,D-I-V-O-R-C-E,Tammy Wynette,46,,,1969,,,,,0.619,0.33,,,,,,,,0.602,,,1969,70s
1D2mV1f9QkklP6vy0sdBI9,Leavin' On Your Mind - Single Version,Patsy Cline,52,,,1963-06-10,,,,,0.493,0.0719,,,,,,,,0.385,,,1963,60s
1guPCVBMmglx2m1DM0xOBu,Once a Day,Connie Smith,50,,,1965,,,,,0.502,0.353,,,,,,,,0.751,,,1965,60s
1YaPhbIo2oKWT5ejlMEL5Z,Fist City,Loretta Lynn,51,,,1968-04-22,,,,,0.656,0.556,,,,,,,,0.915,,,1968,60s
2hh6RGmBNTGB7fi62fYgUL,Why Do I Love You So - 1960 #42 Billboard chart hit,Johnny Tillotson,50,,,1962,,,,,0.385,0.257,,,,,,,,0.617,,,1962,60s
2Krnm3qWdy4VG5vTkT0cDn,Almost Persuaded,David Houston,48,,,1966,,,,,0.251,0.338,,,,,,,,0.353,,,1966,60s
6VUXsWN3aNqEhaPawlFjep,Does My Ring Hurt Your Finger,Charley Pride,47,,,1967-12-01,,,,,0.399,0.35,,,,,,,,0.667,,,1967,60s
30jEnUWPJIt6zh25s2Kbh0,Little Green Apples - Single Version,Roger Miller,47,,,1968-06-01,,,,,0.507,0.18,,,,,,,,0.42,,,1968,60s
2B4IYgIkBnemrp0YEkaUIH,Let's Have A Party,Wanda Jackson,54,,,1958-07-21,,,,,0.522,0.901,,,,,,,,0.916,,,1958,60s
5bA26v8eeZrbHJpD4YPKAX,Abilene,George Hamilton IV,46,,,1963-12-17,,,,,0.63,0.448,,,,,,,,0.753,,,1963,60s
0jvmlZJZCaTZLMh3yfL6Y5,Stop the World (And Let Me Off),Waylon Jennings,46,,,1966-03-14,,,,,0.433,0.582,,,,,,,,0.826,,,1966,60s
6ekSX8AVzwRSs0mbSlPc0R,Jackson (with June Carter Cash),June Carter Cash,46,,,1952,,,,,0.707,0.483,,,,,,,,0.79,,,1952,60s
5z82O18NokdKypb5KwqHmf,Above And Beyond,Buck Owens,45,,,1966-12-22,,,,,0.424,0.668,,,,,,,,0.782,,,1966,60s
2STy18bfCVP8v6aOu2CliZ,You Belong To Me,Patsy Cline,55,,,1962,,,,,0.577,0.0725,,,,,,,,0.326,,,1962,60s
3kDSSR6noFrYJBxijqEVm3,The Streets of Baltimore,Bobby Bare,45,,,1966-08-22,,,,,0.578,0.447,,,,,,,,0.808,,,1966,60s
0mSywazXcVFQZRk2Gg9ImX,I Don't Wanna Play House,Tammy Wynette,45,,,1969,,,,,0.546,0.258,,,,,,,,0.464,,,1969,70s
1ZNDtli4TjhuoBnWplaePI,Don't Let Me Cross Over,Carl Butler,43,,,1963-12-17,,,,,0.59,0.188,,,,,,,,0.521,,,1963,60s
4KRLWRl1bFjnXhY5MgZWrM,May the Bird of Paradise Fly up Your Nose,Little Jimmy Dickens,43,,,1965,,,,,0.66,0.801,,,,,,,,0.867,,,1965,60s
47HkYPYpZeW91xbsNj8HTl,Stupid Cupid,Wanda Jackson,43,,,1961-01-01,,,,,0.642,0.667,,,,,,,,0.968,,,1961,60s
2mqXqQnxcFq5tmG98kUQZw,Blue Kentucky Girl,Loretta Lynn,48,,,1965-01-01,,,,,0.679,0.402,,,,,,,,0.484,,,1965,60s
0ulPILleWfE1NBzUWIiNi9,"Saginaw, Michigan",Lefty Frizzell,40,,,1964-07-01,,,,,0.596,0.366,,,,,,,,0.853,,,1964,60s
0fabZNPJqBJBfwzDxuKQTi,Send Me The Pillow You Dream On,Johnny Tillotson,39,,,1962,,,,,0.438,0.316,,,,,,,,0.398,,,1962,60s
1Y2G8nl3CGR3qMPDDBuDhb,Don't Touch Me,Jeannie Seely,39,,,1966-01-01,,,,,0.383,0.0557,,,,,,,,0.197,,,1966,60s
0aoQV1TuaTrcpJaMfJ3wgj,"Alegria, Alegria - Remastered 2006",Caetano Veloso,51,,,1967-01-01,,,,,0.198,0.432,,,,,,,,0.736,,,1967,60s
0HMa3XCtloTdy3cL00lWNz,Domingo no Parque,Gilberto Gil,40,,,1968-01-01,,,,,0.433,0.707,,,,,,,,0.579,,,1968,60s
4cMbAhrwsZsAHceaGvZy9y,TropicÃ¡lia - Remastered 2006,Caetano Veloso,47,,,1967-01-01,,,,,0.51,0.696,,,,,,,,0.384,,,1967,60s
0Dmnb3C3GaGdyjlyWaWLDr,Panis Et Circenses,Os Mutantes,44,,,1968-01-01,,,,,0.33,0.862,,,,,,,,0.387,,,1968,60s
3eB6ZFCrkLkXwpwlxlQR8M,Bat Macumba - Remastered,Various Artists,32,,,1968,,,,,0.751,0.737,,,,,,,,0.772,,,1968,60s
3XxUGzfcyOYFiV86mQcKSy,Miserere Nobis - Remastered,Various Artists,35,,,1968,,,,,0.449,0.468,,,,,,,,0.19,,,1968,60s
2ZM9Ee68hmUuztCIdYVetd,CadÃª Tereza,Jorge Ben Jor,46,,,1969-01-20,,,,,0.412,0.855,,,,,,,,0.847,,,1969,70s
7CjSjWTdVPD0ov82Qz55Xb,Aquele AbraÃ§o,Gilberto Gil,55,,,1969-01-01,,,,,0.446,0.793,,,,,,,,0.901,,,1969,70s
1e0RVHOoVW6emvP9gDNypY,2001 (Dois Mil E Um),Os Mutantes,36,,,1969-01-01,,,,,0.286,0.897,,,,,,,,0.598,,,1969,70s
1VG0de3IPyvdLrAEdhKOgH,Enquanto Seu Lobo NÃ£o Vem - Remastered,Various Artists,25,,,1968,,,,,0.55,0.54,,,,,,,,0.757,,,1968,60s
5b0HavLt7q0r6gIVbsOkl3,LindonÃ©ia - Remastered,Various Artists,31,,,1968,,,,,0.588,0.419,,,,,,,,0.581,,,1968,60s
0C13P4IghHNFPjt4zIJ8vX,Baby,Gal Costa,57,,,1969-01-01,,,,,0.356,0.272,,,,,,,,0.509,,,1969,70s
6aJBhhaoMJ1UToAUtzE3zb,CoraÃ§Ã£o Materno - Remastered,Various Artists,25,,,1968,,,,,0.248,0.232,,,,,,,,0.234,,,1968,60s
4To7GcJUXT1LvSe8jY6dqL,Hino Do Senhor Do Bonfim - Remastered,Various Artists,30,,,1968,,,,,0.393,0.524,,,,,,,,0.405,,,1968,60s
4u9f8hqstB7iITDJNzKhQx,My Generation - Stereo Version,The Who,67,,,1965-12-03,,,,,0.412,0.782,,,,,,,,0.705,,,1965,60s
1ntxpzIUbSsizvuAy6lTYY,Crosstown Traffic,Jimi Hendrix,63,,,1968-10-25,,,,,0.486,0.963,,,,,,,,0.533,,,1968,60s
7aTCCNpHJD2Jgv0LLVJb8Y,Up On Cripple Creek,The Band,61,,,1969-09-22,,,,,0.719,0.67,,,,,,,,0.96,,,1969,70s
042v1NacbKJzCyi6nBme7T,Mr. Soul,Buffalo Springfield,60,,,1967-10-30,,,,,0.674,0.706,,,,,,,,0.961,,,1967,60s
5JcaA4A9ZoXthwEnxOxWvP,Psychotic Reaction,Count Five,55,,,1966-01-01,,,,,0.358,0.753,,,,,,,,0.688,,,1966,60s
55LRDFmsuazr533WrtHHW9,Jumpin' Jack Flash - Mono,The Rolling Stones,52,,,1966-01-01,,,,,0.596,0.901,,,,,,,,0.621,,,1966,60s
4fUKE8EULjQdHF4zb0M8FO,Sgt. Pepper's Lonely Hearts Club Band - Remastered 2009,The Beatles,62,,,1967-06-01,,,,,0.451,0.673,,,,,,,,0.583,,,1967,60s
6URu54HPMyL9SjnzXn607m,Walk In My Shadow,Free,48,,,1968-03-14,,,,,0.532,0.548,,,,,,,,0.902,,,1968,60s
5KwbWPmwnOoXNqdMhh2S3m,Sunny Afternoon,The Kinks,0,,,1966-10-28,,,,,0.564,0.535,,,,,,,,0.463,,,1966,60s
4R6LAvOMzkTJcFbSOmmEh9,The Twist,Chubby Checker,0,,,1961-01-01,,,,,0.533,0.638,,,,,,,,0.937,,,1961,60s
0URp9jOJtiWKR1AfMGH2Qj,Twist And Shout,The Isley Brothers,0,,,1962,,,,,0.774,0.811,,,,,,,,0.963,,,1962,60s
0sDqo9UPzPUtu9wEkI3zRB,The Weight - Remastered,The Band,0,,,1968-07-01,,,,,0.63,0.519,,,,,,,,0.502,,,1968,60s
3VbGCXWRiouAq8VyMYN2MI,Love Me Do - Remastered 2009,The Beatles,69,,,1963-03-22,,,,,0.52,0.829,,,,,,,,0.744,,,1963,60s
0YZ3J8xzGwLOg4yEgST1YK,With A Little Help From My Friends,Joe Cocker,68,,,1969-05-01,,,,,0.307,0.43,,,,,,,,0.305,,,1969,70s
2HCaIYjkvWSZzaSKUoOh3d,Mr. Tambourine Man,The Byrds,65,,,1965-06-21,,,,,0.456,0.47,,,,,,,,0.639,,,1965,60s
45Szkclj1lt4ubm7RFK68t,Runaway,Del Shannon,65,,,1961-01-01,,,,,0.594,0.533,,,,,,,,0.729,,,1961,60s
4591VqUIXysNlmI5NcAIUd,My Guy,Mary Wells,65,,,1964,,,,,0.691,0.581,,,,,,,,0.91,,,1964,60s
3c2kMiSB86tVq1J4oULmvL,Groovin',The Young Rascals,63,,,1967,,,,,0.605,0.455,,,,,,,,0.678,,,1967,60s
7wLRmjiDYI6flIVzboUqSV,You've Really Got A Hold On Me,The Miracles,62,,,1963-01-01,,,,,0.68,0.448,,,,,,,,0.567,,,1963,60s
