track_id,track_name,track_artist,track_popularity,track_album_release_date,danceability,energy,valence,track_album_release_year,track_album_release_decade
7tqhbajSfrz2F7E1Z75ASX,Ain't No Mountain High Enough,"Marvin Gaye, Tammi Terrell",87,1967-08-29,0.663,0.6,0.8,1967,60s
4BP3uh0hFLFRb5cjsgLqDh,Fortunate Son,Creedence Clearwater Revival,87,1969-11-02,0.64,0.663,0.663,1969,70s
6dGnYIeXmHdcikdzNNDMm2,Here Comes The Sun - Remastered 2009,The Beatles,85,1969-09-26,0.557,0.54,0.394,1969,70s
63T7DJ1AFDD6Bn8VzG6JE8,"Paint It, Black",The Rolling Stones,85,1966-04-15,0.464,0.795,0.612,1966,60s
3yrSvpt2l1xhsV9Em88Pul,Brown Eyed Girl,Van Morrison,83,1967-09,0.491,0.583,0.908,1967,60s
745H5CctFr12Mo7cqa1BMH,My Girl,The Temptations,83,1965-03-22,0.572,0.418,0.694,1965,60s
20OFwXhEXf12DzwXmaV7fj,Bad Moon Rising,Creedence Clearwater Revival,83,1969-08-03,0.508,0.774,0.942,1969,70s
4s6LhHAV5SEsOV0lC2tjvJ,California Dreamin' - Single Version,The Mamas & The Papas,82,1966-03,0.552,0.608,0.637,1966,60s
44AyOl4qVkzS48vBsbNXaC,Can't Help Falling in Love,Elvis Presley,82,1961-10-20,0.396,0.293,0.343,1961,60s
1qRA5BS78u3gME0loMl9AA,For What It's Worth,Buffalo Springfield,82,1966-12-05,0.653,0.519,0.822,1966,60s
2EqlS6tkEnglzr7tkKAAYD,Come Together - Remastered 2009,The Beatles,80,1969-09-26,0.533,0.376,0.187,1969,70s
62AuGbAkt8Ox2IrFFb8GKV,Sweet Caroline,Neil Diamond,80,1969-06-06,0.529,0.127,0.578,1969,70s
29U7stRjqHU6rMiS8BfaI9,What A Wonderful World,Louis Armstrong,80,1968-01-01,0.271,0.165,0.203,1968,60s
6H3kDe7CGoWYBabAeVWGiD,Gimme Shelter,The Rolling Stones,79,1969-12-05,0.634,0.63,0.489,1969,70s
4Hhv2vrOTy89HFRcjU3QOx,At Last,Etta James,79,1960,0.274,0.348,0.328,1960,60s
7s25THrKz86DM225dOYwnr,Respect,Aretha Franklin,78,1967-03-10,0.805,0.558,0.965,1967,60s
3BQHpFgAp4l80e1XslIjNI,Yesterday - Remastered 2009,The Beatles,79,1965-08-06,0.332,0.179,0.315,1965,60s
0xxZY5C9xxij3D1HkzbnfC,Monster Mash,"Bobby ""Boris"" Pickett, The Crypt-Kickers",78,1962,0.541,0.504,0.707,1962,60s
0iOZM63lendWRTTeKhZBSC,"Mrs. Robinson - From ""The Graduate"" Soundtrack",Simon & Garfunkel,78,1968-04-03,0.606,0.457,0.813,1968,60s
1JO1xLtVc8mWhIoE3YaCL0,Happy Together,The Turtles,78,1967,0.584,0.367,0.588,1967,60s
6b6IMqP565TbtFFZg9iFf3,"I Can't Help Myself (Sugar Pie, Honey Bunch)",Four Tops,78,1965,0.667,0.599,0.971,1965,60s
5ZBeML7Lf3FMEVviTyvi8l,Twist And Shout - Remastered 2009,The Beatles,79,1963-03-22,0.482,0.849,0.937,1963,60s
0hCB0YR03f6AmQaHbwWDe8,Whole Lotta Love - 1990 Remaster,Led Zeppelin,78,1969-10-22,0.412,0.902,0.422,1969,70s
0bfvHnWWOeU1U5XeKyVLbW,Can't Take My Eyes off You,Frankie Valli,78,1967,0.581,0.78,0.561,1967,60s
48i055G1OT5KxGGftwFxWy,"Oh, Pretty Woman",Roy Orbison,78,1962,0.619,0.603,0.958,1962,60s
6pxWv6GV35VGmcPf5dh6CH,Proud Mary,Creedence Clearwater Revival,77,1969-01-05,0.699,0.641,0.728,1969,70s
1OppEieGNdItZbE14gLBEv,You Can't Hurry Love,The Supremes,77,1966-08-25,0.63,0.711,0.659,1966,60s
4feXcsElKIVsGwkbnTHAfV,Somethin' Stupid,Frank Sinatra,77,1967-08,0.257,0.338,0.544,1967,60s
3G7tRC24Uh09Hmp1KZ7LQ2,I'm a Believer - 2006 Remaster,The Monkees,77,1967-01-09,0.526,0.775,0.962,1967,60s
1kPBT8S2wJFNAyBMnGVZgL,I'd Rather Go Blind,Etta James,77,1968-04-18,0.477,0.433,0.611,1968,60s
1Ud6moTC0KyXMq1Oxfien0,Sympathy For The Devil - 50th Anniversary Edition,The Rolling Stones,77,1968-12-06,0.702,0.668,0.561,1968,60s
4kP69y3GKHi9tXckfgp4bK,For Once In My Life,Stevie Wonder,76,1968-12-01,0.524,0.519,0.847,1968,60s
3TlIt0ReIxPsVZcOEivT5U,It's Not Unusual,Tom Jones,76,1965-05-01,0.476,0.722,0.909,1965,60s
1tqT6DhmsrtQgyCKUwotiw,I Heard It Through The Grapevine,Marvin Gaye,76,1968-08-26,0.711,0.362,0.616,1968,60s
4QxDOjgpYtQDxxbWPuEJOy,L-O-V-E,Nat King Cole,76,1965-01-11,0.425,0.373,0.663,1965,60s
2gE95JskwQ1pCACTpGe1Db,Down On The Corner,Creedence Clearwater Revival,76,1969-11-02,0.858,0.544,0.874,1969,70s
6ToM0uwxtPKo9CMpbPGYvM,Break on Through (To the Other Side),The Doors,76,1967-01-04,0.421,0.751,0.789,1967,60s
5y788ya4NvwhBznoDIcXwK,The Sound of Silence - Acoustic Version,Simon & Garfunkel,76,1964-10-19,0.525,0.216,0.328,1964,60s
5b7OgznPJJr1vHNYGyvxau,Fly Me To The Moon (In Other Words),"Frank Sinatra, Count Basie",75,1962-12-10,0.668,0.26,0.368,1962,60s
6FT83pFXKhDlXDsNJFAHWz,You Never Can Tell,Chuck Berry,75,1964-11-01,0.525,0.852,0.884,1964,60s
29SyMC0plk6qw8NMF7lfRL,You Really Got Me,The Kinks,75,1964-10-02,0.573,0.939,0.963,1964,60s
11DjZQEZ69EXLo77HVj6yW,Green River,Creedence Clearwater Revival,76,1969-08-03,0.702,0.772,0.973,1969,70s
1Eolhana7nKHYpcYpdVcT5,Little Wing,Jimi Hendrix,74,1967-12-01,0.515,0.534,0.426,1967,60s
6hleUCx3E4gB2urwRvx1QT,Time of the Season - Mono Version,The Zombies,74,1968,0.536,0.696,0.683,1968,60s
0wz1LjDb9ZNEYwOmDJ3Q4b,Surfin' U.S.A. - Remastered 2001,The Beach Boys,74,1963-03-25,0.55,0.854,0.965,1963,60s
1WN4uNclrDuczTO3bCr8s1,Be My Baby,The Ronettes,74,1964-11-01,0.512,0.771,0.803,1964,60s
7BY005dacJkbO6EPiOh2wb,House Of The Rising Sun,The Animals,74,1964-01-01,0.295,0.584,0.228,1964,60s
3spdoTYpuCpmq19tuD0bOe,My Way,Frank Sinatra,75,1969-03,0.401,0.381,0.229,1969,70s
6PgVDY8GTkxF3GmhVGPzoB,"Hold On, I'm Comin'",Sam & Dave,74,1966,0.803,0.338,0.912,1966,60s
72Z17vmmeQKAg8bptWvpVG,Space Oddity - 2015 Remaster,David Bowie,74,1969-11-04,0.31,0.403,0.466,1969,70s
0wJoRiX5K5BxlqZTolB2LD,Purple Haze,Jimi Hendrix,73,1967-05-12,0.533,0.905,0.486,1967,60s
0P7DoyGrr4Wp9w5TotEtUC,The Weight - Remastered 2000,The Band,73,1968-07-01,0.63,0.551,0.518,1968,60s
0QwZfbw26QeUoIy82Z2jYp,Good Times Bad Times - 1993 Remaster,Led Zeppelin,73,1969-01-12,0.476,0.717,0.753,1969,70s
5haXbSJqjjM0TCJ5XkfEaC,I Got You (I Feel Good),James Brown & The Famous Flames,73,1966-01-01,0.613,0.487,0.699,1966,60s
4vpeKl0vMGdAXpZiQB2Dtd,White Rabbit,Jefferson Airplane,73,1967,0.551,0.293,0.322,1967,60s
7DD7eSuYSC5xk2ArU62esN,Help! - Remastered 2009,The Beatles,73,1965-08-06,0.534,0.725,0.763,1965,60s
76TZCvJ8GitQ2FA1q5dKu0,The Boxer,Simon & Garfunkel,73,1970-01-26,0.439,0.488,0.629,1970,70s
74VR3AkGPhbYXnxcOYa16x,Strangers In The Night,Frank Sinatra,73,1966-05,0.259,0.473,0.539,1966,60s
6MTd61g9zq6CB1FnJydjEb,Sugar Sugar,The Archies,73,1969-11-14,0.757,0.725,0.965,1969,70s
0zGLlXbHlrAyBN1x6sY0rb,A Sunday Kind Of Love,Etta James,73,1960,0.421,0.285,0.402,1960,60s
6RJK553YhstRzyKA4mug09,The Letter,The Box Tops,73,1967,0.638,0.428,0.901,1967,60s
6YffUZJ2R06kyxyK6onezL,Ring of Fire,Johnny Cash,73,1963-08-06,0.659,0.585,0.784,1963,60s
3MODES4TNtygekLl146Dxd,Ramble On - 1990 Remaster,Led Zeppelin,72,1969-10-22,0.468,0.607,0.886,1969,70s
5uvosCdMlFdTXhoazkTI5R,Light My Fire,The Doors,72,1967-01-04,0.413,0.725,0.44,1967,60s
3Xls4cNOwy01dtrNXb1inG,White Room,Cream,72,1968-07-01,0.553,0.576,0.457,1968,60s
5uES1C2NgkdrNHiCwf9jRr,Baby Love,The Supremes,72,1964-08-31,0.595,0.643,0.73,1964,60s
0mbS3VwRbO6HVBMPXnzOGA,To Love Somebody,Bee Gees,72,1967-07-14,0.423,0.384,0.521,1967,60s
0NWPxcsf5vdjdiFUI8NgkP,Hey Joe,Jimi Hendrix,72,1967-05-12,0.346,0.768,0.532,1967,60s
4uGIJG1jYFonGc4LGp5uQL,Somebody to Love,Jefferson Airplane,72,1967,0.504,0.578,0.654,1967,60s
2HoqbEOXgbDSLZ5XCePEXt,Hit the Road Jack,Ray Charles,72,2021-06-04,0.598,0.571,0.962,2021,
4c4jJJoaiY21t2TyRZgdWS,Magic Carpet Ride,Steppenwolf,72,1968-10-01,0.64,0.651,0.801,1968,60s
5K09WxKdlkroDyEVyOSySy,(You Make Me Feel Like) A Natural Woman,Aretha Franklin,72,1968-01-22,0.603,0.271,0.405,1968,60s
1udKn1oNKYQSQ9OmiIWCMu,Do You Believe in Magic?,The Lovin' Spoonful,71,1965-11,0.553,0.738,0.759,1965,60s
3AhXZa8sUQht0UEdBJgpGc,Like a Rolling Stone,Bob Dylan,71,1965-08-30,0.482,0.721,0.557,1965,60s
78JmElAFmrPNhLjovDR9Jm,All Day and All of the Night,The Kinks,71,1964-10-02,0.551,0.86,0.723,1964,60s
6LbbHFEajG9e4m0G3L47c4,Pinball Wizard,The Who,71,1969-05-23,0.543,0.715,0.468,1969,70s
7uEcCGtM1FBBGIhPozhJjv,Daydream Believer,The Monkees,71,1968-04-22,0.51,0.488,0.649,1968,60s
1xKQbqQtQWrtQS47fUJBtl,Piece of My Heart,"Big Brother & The Holding Company, Janis Joplin",71,1968-08-12,0.443,0.727,0.566,1968,60s
2DpJ9T2RVRanZcYFHKOAfA,Put Your Head On My Shoulder,Paul Anka,71,2000-10-03,0.547,0.335,0.474,2000,2000s
65jrjEhWfAvysKfnojk1i0,Under the Boardwalk,The Drifters,71,1964-06-01,0.747,0.226,0.778,1964,60s
2fDHuS1PTkHBbCWWZF1ph9,"Folsom Prison Blues - Live at Folsom State Prison, Folsom, CA - January 1968",Johnny Cash,71,1968-05-01,0.621,0.524,0.889,1968,60s
0sjxRg1VlYfx4YG7uxurrq,I Put A Spell On You,Nina Simone,70,1965-06-01,0.42,0.398,0.364,1965,60s
4vju55Ag7apDL2CfotuE7Q,Sunny,Bobby Hebb,70,1966-01-01,0.714,0.338,0.667,1966,60s
3lN8PP6R2IxbLP05QpYXng,Born To Be Wild - Single Version,Steppenwolf,70,1968-01-01,0.439,0.734,0.54,1968,60s
1INWPr855fwWdAOeecbu0W,Let's Twist Again,Chubby Checker,70,1961-01-01,0.604,0.709,0.907,1961,60s
4eGHlplaq1ME8oetnTuFFf,Soul Man,Sam & Dave,70,1967,0.79,0.41,0.815,1967,60s
6lFZbCc7pn6Lme1NP7qQqQ,You Can't Always Get What You Want,The Rolling Stones,70,1969-12-05,0.32,0.62,0.472,1969,70s
7ngRS53kqxLcEt9Pythc5d,You Don't Own Me,Lesley Gore,70,1963-11-01,0.473,0.434,0.711,1963,60s
7FXuCkl1kfxwS5icDjTwbM,Hard to Handle,Otis Redding,70,2018-05-18,0.666,0.55,0.961,2018,2010s
18GiV1BaXzPVYpp9rmOg0E,Blowin' in the Wind,Bob Dylan,70,1963-05-27,0.38,0.0993,0.44,1963,60s
1DndHckdH9m5rp6gYP086b,Runaround Sue,Dion,70,1961,0.364,0.607,0.598,1961,60s
76ICmoJ4PcoMWoooaTxnQs,Land of 1000 Dances,Wilson Pickett,70,1966,0.618,0.588,0.768,1966,60s
0KOE1hat4SIer491XKk4Pa,A Change Is Gonna Come,Sam Cooke,70,1964-03-01,0.212,0.383,0.452,1964,60s
3v9xlH6BpmRbqL7hgNJhfT,I Get Around (Mono),The Beach Boys,69,1964-07-13,0.39,0.625,0.514,1964,60s
1UKobFsdqNXQb8OthimCKe,Helplessly Hoping - 2005 Remaster,"Crosby, Stills & Nash",69,1969-05-29,0.483,0.159,0.423,1969,70s
6sPOmDulFtLzfX25zICNrC,Build Me Up Buttercup,The Foundations,69,1968-01-01,0.659,0.513,0.855,1968,60s
2AxCeJ6PSsBYiTckM0HLY7,Voodoo Child (Slight Return),Jimi Hendrix,69,1968-10-25,0.214,0.91,0.448,1968,60s
36CKza28wMxYdjdzji7ine,I Started A Joke,Bee Gees,69,1968-08-11,0.31,0.464,0.431,1968,60s
1GY8zOFi8rC39xXnD0tKO8,Rescue Me,Fontella Bass,69,1966-01-01,0.678,0.544,0.963,1966,60s
7znjbX9XdoQayIrVNdd50Z,The Girl From Ipanema,"Stan Getz, João Gilberto",69,1964,0.653,0.149,0.481,1964,60s
3SdTKo2uVsxFblQjpScoHy,Stand by Me,Ben E. King,82,1962-08-20,0.65,0.306,0.605,1962,60s
2qhASBzpbFhPRtrnZ5lLnz,Unchained Melody,The Righteous Brothers,78,1965-04-04,0.339,0.208,0.288,1965,60s
27hhIs2fp6w06N5zx4Eaa5,Dream A Little Dream Of Me,The Mamas & The Papas,75,1968-05-01,0.413,0.313,0.349,1968,60s
6ft9PAgNOjmZ2kFVP7LGqb,Can't Take My Eyes off You,Frankie Valli & The Four Seasons,72,2003-01-14,0.575,0.764,0.536,2003,2000s
51FpzuGkRYXFgsE2zXt9av,When a Man Loves a Woman,Percy Sledge,72,1966,0.516,0.15,0.205,1966,60s
7odHgoLFi3GQ90E9PeraI3,Son of a Preacher Man,Dusty Springfield,70,1969-03-31,0.401,0.498,0.816,1969,70s
3KfbEIOC7YIv90FIfNSZpo,In My Life - Remastered 2009,The Beatles,78,1965-12-03,0.688,0.435,0.435,1965,60s
7DsQgIwg23u9gooCxkRTu3,A Whiter Shade of Pale - Original Single Version,Procol Harum,69,2019-05-03,0.249,0.66,0.427,2019,2010s
3zpj9dvJABiyMrmLCPw6i8,Crazy - Single Version,Patsy Cline,68,1961-11-27,0.471,0.021,0.356,1961,60s
2IdwQxhJn9ZE4zIotcCefR,Stormy Weather,Etta James,70,1960,0.262,0.356,0.426,1960,60s
5ZoDwIP1ntHwciLjydJ8X2,My Cherie Amour,Stevie Wonder,68,1969-08-01,0.574,0.507,0.514,1969,70s
1GLmaPfulP0BrfijohQpN5,Don't Worry Baby - Remastered 2001,The Beach Boys,68,1964-03-02,0.487,0.464,0.851,1964,60s
0WVTQp3SOCuMr08jh1jweV,Bring It On Home to Me,Sam Cooke,67,2000-09-26,0.523,0.402,0.675,2000,2000s
3xsOtNxtBW0oTI1OWKAzTm,Walk on By,Dionne Warwick,67,1964,0.7,0.33,0.524,1964,60s
5jgFfDIR6FR0gvlA56Nakr,Blackbird - Remastered 2009,The Beatles,78,1968-11-22,0.686,0.127,0.372,1968,60s
0PkBTqRtN25z3oKasWoKlj,Only the Lonely,Roy Orbison,67,1961,0.57,0.529,0.934,1961,60s
60jQTAr2OkFcV4SWSRz3st,Emotions,Brenda Lee,67,1961-04-03,0.466,0.416,0.516,1961,60s
7dblNGnRXEBrVJunazs2U5,All I Have to Do Is Dream,The Everly Brothers,66,1964-08-01,0.534,0.462,0.534,1964,60s
7jVBSPLSbL1jKVBDMXlRCx,(What A) Wonderful World,Sam Cooke,67,2023-02-10,0.588,0.561,0.943,2023,
3EFb1qDgIqf9MegIryKtDj,"Monday, Monday - Single Version",The Mamas & The Papas,66,1966-03,0.488,0.464,0.709,1966,60s
391TUcoPonqYykPkSZ5Z9U,Save the Last Dance for Me,The Drifters,66,1962,0.54,0.53,0.896,1962,60s
4VijLEUxHEzbWKYL5u9wuN,You Send Me,Aretha Franklin,66,1968-06-14,0.512,0.303,0.629,1968,60s
3nsJGZ5RV2ZHkbKvD771gU,Ooo Baby Baby,Smokey Robinson & The Miracles,65,1965-11-01,0.185,0.344,0.424,1965,60s
6yMGxqKj0218mFR5KqsMRq,Georgia on My Mind,Ray Charles,64,2021-09-10,0.19,0.323,0.281,2021,
0SxFyA4FqmEQqZVuAlg8lf,The First Time Ever I Saw Your Face,Roberta Flack,64,1969,0.311,0.0264,0.139,1969,70s
6V9VCm1zOY2lGR80RehJ9i,Wichita Lineman - Remastered 2001,Glen Campbell,64,1968,0.192,0.392,0.391,1968,60s
07PIhdmyYIw8dMeDMsx9FU,Words,Bee Gees,64,1968-02-01,0.259,0.289,0.246,1968,60s
6cZrsaNb4Zo9E5KHk7gcz5,Who's Lovin' You,The Jackson 5,64,1969-12-18,0.247,0.307,0.403,1969,70s
2zF8ro2hX0aEYaqXQdEKW1,How Sweet It Is (To Be Loved By You),Marvin Gaye,64,1965,0.653,0.49,0.963,1965,60s
5BFWQXNGPYadZxNKxY1UfU,Green Green Grass Of Home,Tom Jones,64,1967-03-01,0.543,0.41,0.817,1967,60s
58CUIzSxNpQUFvTCd8tntH,La-La Means I Love You,The Delfonics,63,1968,0.365,0.548,0.623,1968,60s
24AIahNHzBxm9S12peXbnG,"Moon River (From ""Breakfast at Tiffany's"")",Andy Williams,63,1962,0.281,0.212,0.195,1962,60s
4RYwE31p4KflK1h7J7m1Yt,Spooky (Single Version),Dusty Springfield,63,2020-01-31,0.776,0.47,0.963,2020,2010s
3g2fYZW5v2od8KIF7VktT0,Scarborough Fair / Canticle,Simon & Garfunkel,63,1966-10-10,0.336,0.248,0.298,1966,60s
4Y4Gd3ty8uut6Qw43c7yJc,(Sittin' On) the Dock of the Bay,Otis Redding,63,1968-02-23,0.484,0.312,0.598,1968,60s
6ZSTinOwx5dKFYc6iYyGDn,Leaving on a Jet Plane,"Peter, Paul and Mary",62,1967-10-31,0.414,0.167,0.384,1967,60s
1MHgV79MSYE6ymNlGa3bRY,I'll Never Fall in Love Again,Dionne Warwick,62,1970,0.676,0.339,0.756,1970,70s
1bYItjcPRtxZs6Ir71O5RB,(I Left My Heart) In San Francisco,Tony Bennett,62,1962-06-18,0.313,0.078,0.125,1962,60s
7vVG9xbmNQrtdSPTi7KDUm,Chapel Of Love,The Dixie Cups,61,2006-12-13,0.602,0.348,0.75,2006,2000s
2Qhvi6R73Zj3cpzRYzcAww,Honey,Bobby Goldsboro,61,1968-01-01,0.399,0.278,0.597,1968,60s
4Y6pdMS2PwGshq1MYcJ9fC,I Will Follow You,Ricky Nelson,61,1963-01-01,0.671,0.442,0.749,1963,60s
7cNRqg0lbiqBaGeOlA4AEU,Up on the Roof,The Drifters,60,1964-06-01,0.693,0.29,0.92,1964,60s
44pN9jfSqY3d3lrKuv3QeN,In Dreams,Roy Orbison,60,1963-02-01,0.495,0.435,0.71,1963,60s
3UCmuRdeTriWgOZMEJsfqZ,Spanish Harlem,Ben E. King,59,1961,0.608,0.594,0.789,1961,60s
77qBwefBIdzymXNCuAI8YX,San Francisco (Be Sure to Wear Some Flowers In Your Hair),Scott McKenzie,59,1967-11-01,0.495,0.67,0.478,1967,60s
6AeG6jSoAVbmUFO6LyYmBf,People Get Ready,The Impressions,59,1965-02-07,0.414,0.249,0.341,1965,60s
4QelFzhVgLomeQhvKrwM1S,Blue Velvet,Bobby Vinton,58,1962,0.376,0.246,0.282,1962,60s
37soQoNhEEIrhhYgHWK1xU,Ain't Nothing Like The Real Thing,"Marvin Gaye, Tammi Terrell",58,1968-01-01,0.606,0.52,0.765,1968,60s
3NFScsiDPfCzKgQQUL0674,Ferry Cross the Mersey - Stereo; 1997 Remaster,Gerry & The Pacemakers,58,1965-02-01,0.396,0.286,0.605,1965,60s
0CczH75yFBo53bVqLRvYn4,Till There Was You - Remastered,Peggy Lee,58,1960-01-04,0.674,0.195,0.594,1960,60s
6oM4ryXpuZmbFfBv2sEe7v,Sealed With A Kiss,Brian Hyland,58,1993-01-01,0.449,0.362,0.6,1993,90s
5Zu9mG353GB3p26t7M5AmR,Trust In Me,Etta James,58,1960,0.486,0.377,0.5,1960,60s
2GbePPrWWSRxcmW6QRSPae,Piece of My Heart,Erma Franklin,58,2009-02-18,0.467,0.783,0.591,2009,2010s
4xUqqie4bBKufHtlMuZS3k,Are You Lonesome Tonight?,Elvis Presley,57,1997-07-15,0.433,0.0748,0.193,1997,90s
2exbololsmP1XM2gmBEvAW,Misty,Lesley Gore,57,1963-06-01,0.534,0.256,0.475,1963,60s
3o7k5Mcdi0PFAXICTqjxra,Massachusetts - Stereo Version,Bee Gees,57,1968-02-01,0.483,0.573,0.506,1968,60s
0wBaPbJ2qsbGqgnGbqBDgP,What Becomes Of The Brokenhearted,Jimmy Ruffin,57,2004-01-01,0.733,0.443,0.701,2004,2000s
1tjpccwiGZTMDfHr5VGCmT,I Wish It Would Rain,The Temptations,57,1968,0.388,0.449,0.692,1968,60s
79Yk6AlSKi5dxDFINID2hS,Someday We'll Be Together,Diana Ross & The Supremes,56,1969-11-03,0.678,0.535,0.795,1969,70s
10u9028SSfRyIKxV4xrzsg,Darling Baby,Various Artists,56,1992-11-03,0.574,0.53,0.83,1992,90s
63rva3TBizr6x1Yp5uwKfD,California Dreamin',The Mamas & The Papas,56,1966-03,0.554,0.667,0.597,1966,60s
3lWuagNhAzcqOikD5KnBku,Crying in the Rain,The Everly Brothers,55,1962-06-01,0.61,0.379,0.48,1962,60s
2MRJ3Oqb5yAONPvQyoWnQ9,Can't Help Falling In Love - with The Royal Philharmonic Orchestra,"Elvis Presley, Royal Philharmonic Orchestra",55,2015-10-30,0.0899,0.444,0.136,2015,2010s
1c7ELD4W6VyoKTglc4zzUH,Mad About The Boy,Dinah Washington,55,1987-01-01,0.344,0.147,0.263,1987,80s
6wccwN37R7tRotVrK8Htni,This Magic Moment - Single Version; Remastered,The Drifters,55,2019-08-09,0.314,0.453,0.678,2019,2010s
0tURbnatc9qCxlYpXuPK8I,A Place In The Sun,Stevie Wonder,54,1966-11-01,0.561,0.447,0.729,1966,60s
4QJ1F5dFjDTnoHgew9cdRr,Sweet Happy Life,Peggy Lee,54,1966-10-01,0.698,0.409,0.897,1966,60s
3Rhxe6P1im82NFVkt9X2qZ,I'm Gonna Make You Love Me,"Diana Ross & The Supremes, The Temptations",54,1968-11-08,0.635,0.393,0.427,1968,60s
6NDg4EyQE5lalcCEEpytsM,"(Ummmm, Oh Yeah) Dearest",Buddy Holly,54,1969-01-01,0.548,0.493,0.568,1969,70s
2ID3rNM3hFBjqrLcV0Wr0y,It Was A Very Good Year,Frank Sinatra,53,1965-08,0.215,0.142,0.126,1965,60s
6n3WVi0pxFQuAjAQRPPryY,Cowboys to Girls,The Intruders,53,1968-01-01,0.278,0.432,0.838,1968,60s
27bw4i8LnECzVlbMZ4kFHw,Cathy's Clown - 2007 Remaster,The Everly Brothers,53,1960-10,0.507,0.561,0.89,1960,60s
3bq9YHKExHdNzMCublodNs,I'm So Proud,The Impressions,53,1964-09-09,0.608,0.121,0.288,1964,60s
35IRrhDF5x53hRCcc1okcZ,"Its Been a Long, Long Time",Kitty Kallen,52,1963-11-26,0.271,0.18,0.416,1963,60s
0l9RGwc48deJ6j61KXAAvs,"Yester-Me, Yester-You, Yesterday",Stevie Wonder,53,1969-08-01,0.604,0.357,0.638,1969,70s
1HzfcOcxJeGmxgf5a6MK0W,Angel Baby,Rosie & The Originals,52,1960-12-24,0.6,0.253,0.449,1960,60s
6VqVieqjDEwS3mByMq4OzB,Cupid,Sam Cooke,52,2003-06-17,0.474,0.478,0.831,2003,2000s
1t2zYsS4UgIkkuBgSe0fZt,More Than I Can Say,Bobby Vee,51,1961-01-01,0.578,0.295,0.603,1961,60s
6hgY1l6EqrfrHRNrxwKRiK,Love Hurts - 2007 Remaster,The Everly Brothers,50,1960-10,0.65,0.246,0.539,1960,60s
3nxEmpFc1R0kiDrULNkSaf,You'll Never Walk Alone,Various Artists,50,2017-08-10,0.452,0.428,0.291,2017,2010s
1UBcwKIAUHo7BYAvae6yeA,Wishin' And Hopin',Dusty Springfield,50,1964-06-26,0.683,0.374,0.707,1964,60s
1vG906bxMqUVufJoLSF4rV,You've Really Got A Hold On Me,Smokey Robinson & The Miracles,50,2002-09-24,0.652,0.401,0.647,2002,2000s
3s2inuLbQQZ7z1GJrdlQr6,Forever,The Marvelettes,49,1962-01-01,0.573,0.431,0.722,1962,60s
0fonScmHUzC0MglSLn9saA,Da Doo Ron Ron (When He Walked Me Home),The Crystals,60,2011-02-22,0.535,0.797,0.613,2011,2010s
11fNLqDB47gMKj7BHhR2Qr,Wake up Little Susie,The Everly Brothers,61,1964-08-01,0.709,0.62,0.936,1964,60s
2aoo2jlRnM3A0NyLQqMN2f,All Along the Watchtower,Jimi Hendrix,78,1968-10-25,0.438,0.805,0.564,1968,60s
5t9KYe0Fhd5cW6UYT4qP8f,Good Vibrations - Remastered 2001,The Beach Boys,74,1967-09-18,0.396,0.473,0.385,1967,60s
4fQMGlCawbTkH9yPPZ49kP,Green Onions,Booker T. & the M.G.'s,73,1962,0.816,0.514,0.912,1962,60s
4joiWvli4qJVEW6qZV2i2J,All My Loving - Remastered 2009,The Beatles,72,1963-11-22,0.416,0.563,0.9,1963,60s
5J2CHimS7dWYMImCHkEFaJ,A Hard Day's Night - Remastered 2009,The Beatles,70,1964-07-10,0.59,0.805,0.797,1964,60s
4yQw7FR9lcvL6RHtegbJBh,Think,Aretha Franklin,69,1968-06-14,0.687,0.63,0.926,1968,60s
6EAlFsajDK1PVgfhdJbS5Y,Something's Got A Hold On Me,Etta James,69,2011-10-18,0.471,0.585,0.655,2011,2010s
69RH84na5iUNwrwxpgjC5j,Where Did Our Love Go,The Supremes,69,1964-08-31,0.566,0.49,0.847,1964,60s
5c33j1xFVOL4G24zxYhssB,This Old Heart Of Mine (Is Weak For You),The Isley Brothers,69,1966,0.632,0.59,0.953,1966,60s
6jX5mso4x00c1EiNMrTU9U,Please Mr. Postman - Single Version / Mono,The Marvelettes,68,1961,0.785,0.776,0.967,1961,60s
5Qe7NHxeLAn8KoLTNLSdwe,I Want To Hold Your Hand - Remastered 2009,The Beatles,69,1973-04-01,0.496,0.703,0.936,1973,70s
1zW2csx1vVJrKfvDrFQNVt,Jump in the Line,Harry Belafonte,68,1961-07-21,0.594,0.889,0.8,1961,60s
7AzFID6u1b3zIWbd9pb8Dk,Summer in the City - Remastered,The Lovin' Spoonful,68,1966-11,0.423,0.681,0.56,1966,60s
0Omt3rVppHIlYFXNL1VWgL,Do You Love Me - Mono Single,The Contours,68,1962-10-25,0.596,0.793,0.8,1962,60s
6rLqjzGV5VMLDWEnuUqi8q,Dancing In The Street,Martha Reeves & The Vandellas,68,1965-01-01,0.556,0.57,0.304,1965,60s
48ZjHLkaHpXIlGGYUlb3bZ,Do Wah Diddy Diddy - 2007 Remaster,Manfred Mann,67,1963,0.66,0.583,0.941,1963,60s
0iA3xXSkSCiJywKyo1UKjQ,Louie Louie,The Kingsmen,67,2006-01-31,0.623,0.709,0.948,2006,2000s
3aCbwWCYCT3MJjZeUnlcp4,Baby I Need Your Loving,Four Tops,67,1965-01-01,0.632,0.686,0.65,1965,60s
31A3oqQxDLdG9HRx45z62d,I Only Want To Be With You,Dusty Springfield,66,1964-06-26,0.602,0.684,0.961,1964,60s
252YuUdUaC5OojaBU0H1CP,Come A Little Bit Closer,Jay & The Americans,66,1964,0.636,0.684,0.881,1964,60s
52FlwUMMDnTK8TGkCag9Jd,Stop! In The Name Of Love,The Supremes,66,1965-07-23,0.612,0.444,0.503,1965,60s
1Pq47iFLC5U7j8xeNiNcuS,It's My Party,Lesley Gore,66,1963-06-01,0.692,0.501,0.961,1963,60s
0obIo2GEab6qqms6t3JaMY,Hey! Baby - Remastered,Bruce Channel,65,2017-12-12,0.515,0.623,0.643,2017,2010s
3VgrSJEKBRT3xmwzpaxxEF,(Love Is Like A) Heat Wave,Martha Reeves & The Vandellas,66,1963,0.514,0.624,0.755,1963,60s
5nrmGFJ87crVoJF5xdRqwn,Waterloo Sunset,The Kinks,65,1967-09-15,0.512,0.69,0.417,1967,60s
6FRwDxXsvSasw0y2eDArsz,Sunshine Of Your Love,Cream,65,1967-11-02,0.684,0.481,0.784,1967,60s
2KOt2JrCB720UxIbyzweQo,Barbara Ann,The Beach Boys,63,1975-04-14,0.581,0.669,0.926,1975,70s
3YJx77Xx8JSwEoxqrkQO5c,Knock on Wood,Eddie Floyd,63,1967,0.864,0.346,0.964,1967,60s
4TBBPZks71c60whhq0PgdP,(Your Love Keeps Lifting Me) Higher & Higher,Jackie Wilson,63,2006,0.631,0.69,0.938,2006,2000s
57460SJgSpCXaRJ9YIYHxy,Going Up The Country,Canned Heat,63,1987-01-01,0.653,0.239,0.765,1987,80s
6vcG9EgeqJUSmmF65lxUm6,One Fine Day,The Chiffons,63,2004-10-02,0.251,0.868,0.599,2004,2000s
5Sz09kaSzvpTC8lgm5W8Mt,Mustang Sally,Wilson Pickett,63,2005-02-08,0.725,0.327,0.688,2005,2000s
1WPqawIF9HCKfSOt7mN6X0,Nowhere To Run,Martha Reeves & The Vandellas,65,1965-01-01,0.606,0.815,0.877,1965,60s
62nYkaIBesfvQSSwTjPnYS,I Feel Free,Cream,65,1966-12-09,0.375,0.448,0.564,1966,60s
2YuIyYri67bgUXKQW5V9XW,Sweet Soul Music,Arthur Conley,63,1967-09-15,0.59,0.659,0.965,1967,60s
0UERoCKd24PKovd4BwRzBQ,It Takes Two,"Marvin Gaye, Kim Weston",63,1966-08-25,0.523,0.48,0.81,1966,60s
3ZxfehzRtB3oJcBuxWXFZQ,It's Your Thing,The Isley Brothers,62,1969-08-21,0.376,0.67,0.837,1969,70s
2x6pbpjVGjiWCcH89IK8AX,Breaking Up Is Hard to Do,Neil Sedaka,62,1960-12-30,0.743,0.799,0.965,1960,60s
2Bs1Lw9LX8hBm70t1iGdlh,He's So Fine - Remastered 2000,The Chiffons,62,2004-10-02,0.558,0.633,0.871,2004,2000s
0AZb6ryK8LsFcvY1jWHO61,"Sunshine, Lollipops And Rainbows",Lesley Gore,61,1963-11-01,0.675,0.64,0.965,1963,60s
2S6XOQqWqUBIySUU00vMru,Beggin',Frankie Valli & The Four Seasons,60,1967-05-01,0.59,0.356,0.375,1967,60s
4Dq749x2QP6OXTURJ9GGY8,The Tears Of A Clown,Smokey Robinson & The Miracles,60,1967-08-29,0.593,0.607,0.953,1967,60s
1UwriLz98ILbRhrtohTca1,The Wanderer,Dion,60,2001-01-01,0.623,0.48,0.842,2001,2000s
3ZpTyU4mF3PR9jLpFA3AAC,Ain't That A Kick In The Head,Dean Martin,60,1996-05-30,0.661,0.311,0.702,1996,90s
71tjsDvB4EMJqNG8EMmFnb,Comin' Home Baby,Mel Tormé,59,2005-02-08,0.632,0.368,0.773,2005,2000s
2CT08rpgdut8qQs7IAzMGi,Friday on My Mind,The Easybeats,59,1965-01-01,0.374,0.991,0.51,1965,60s
00pGV4EInVd77cnOIwPTCv,Papa's Got A Brand New Bag,James Brown,59,1991-01-01,0.738,0.541,0.925,1991,90s
40XXjm2pU6LGZkLq5VmkaQ,Everlasting Love,Love Affair,59,1968-03-04,0.497,0.569,0.811,1968,60s
6ImmlZj8ysK2jDnqqbKp60,"Hello Mary Lou, Goodbye Heart - Remastered",Ricky Nelson,58,1961-01-01,0.602,0.633,0.931,1961,60s
0i7O5MtSTXvR4BEY7stpjF,Hang On Sloopy,The McCoys,58,1995-06-06,0.765,0.516,0.936,1995,90s
06JokgprGDKrtZ1eP6z2CQ,Take Good Care Of My Baby,Bobby Vee,58,1962-02-01,0.487,0.441,0.604,1962,60s
760clbeDBWmBsBLbszWuNZ,I'm A Man,Bo Diddley,58,1958-01-01,0.513,0.546,0.834,1958,60s
3qCHUm73I3o5F1mDEfibzo,Gimme Some Lovin' - Single Mix,The Spencer Davis Group,58,1966-11-17,0.598,0.564,0.43,1966,60s
0Hw6SCrtU9pFCjgAONpnGZ,Uptight (Everything's Alright),Stevie Wonder,58,1966-05-01,0.593,0.642,0.919,1966,60s
601a0vnyLYe7pzLKVjKSha,How Do You Do It? - Mono,Gerry & The Pacemakers,58,1997-10-13,0.617,0.711,0.963,1997,90s
4j2W1eM03mz5MVN5LvR7VH,These Boots Are Made for Walkin',Various Artists,57,1987-08-04,0.718,0.323,0.463,1987,80s
0jrdWPwYjUZvqfJcwE8ddh,Saturday Night at the Movies,The Drifters,57,1965,0.708,0.545,0.935,1965,60s
3AgY5gLURlcdYBVGv1RVm7,Luck Be A Lady,Frank Sinatra,57,1965-11,0.362,0.398,0.5,1965,60s
23xk9Rf7oIHVUU1JvmXYFn,Mony Mony,Tommy James & The Shondells,57,1968-01-01,0.592,0.834,0.809,1968,60s
0zABw1PtGYHsU4VDpDZsra,Needles and Pins - Mono,The Searchers,57,1964-01-01,0.566,0.953,0.887,1964,60s
73XQBWHSVLL1939hb8cQTm,Georgy Girl,The Seekers,56,1989-01-30,0.515,0.496,0.651,1989,90s
7EjyzZcbLxW7PaaLua9Ksb,Surfin' Bird,Various Artists,56,1987-08-04,0.564,0.959,0.834,1987,80s
4Wzt8Dm4xpO3LjWDecP4bA,She's Not There,The Zombies,68,1965-04-30,0.523,0.803,0.898,1965,60s
6EXOSA4BWBM1AUsXxKwYDT,Send Me A Postcard,Shocking Blue,53,1970,0.344,0.81,0.667,1970,70s
25wihqbcZQksW4o8G35acQ,"Liar, Liar",Various Artists,41,2010-01-20,0.465,0.483,0.804,2010,2010s
1DKyFVzIh1oa1fFnEmTkIl,Gloria (feat. Van Morrison) - Stereo Version,Van Morrison,64,2015-12-04,0.641,0.703,0.722,2015,2010s
6Um3XCAxl9YfFmAnGl93xc,I Fought the Law - Single Version,The Bobby Fuller Four,58,1998,0.593,0.804,0.962,1998,90s
4B3gkbr7aGC2sujjgivK0s,I Can't Explain - Mono Version,The Who,55,1965-12-03,0.572,0.688,0.856,1965,60s
4PEeZ2U4UfP2Jo8EtIOjus,96 Tears,? & The Mysterians,55,1966,0.65,0.562,0.882,1966,60s
2uXkW8uJcOIhlbUatEPLPs,Have Love Will Travel,The Sonics,58,1965,0.506,0.948,0.934,1965,60s
6ZIkH0yQk0E5hfOVL7CyoQ,Laisse tomber les filles,France Gall,0,1992-01-01,0.659,0.57,0.962,1992,90s
2E64SWjM9rQmAshItmdbcw,Communication Breakdown - Remaster,Led Zeppelin,52,1969-01-12,0.375,0.956,0.381,1969,70s
07KYQySlrmE94gaLbhvp4X,Over Under Sideways Down - The Mono Album,The Yardbirds,48,1966-07-15,0.529,0.861,0.387,1966,60s
1YZuigG1YcdgbfD7XJoCU5,See Emily Play,Pink Floyd,47,1971-05-14,0.456,0.711,0.412,1971,70s
00oZhqZIQfL9P5CjOP6JsO,Tomorrow Never Knows - Remastered 2009,The Beatles,57,1966-08-05,0.38,0.829,0.0534,1966,60s
2h83AMl3afIAWks8Z3Sn9C,Wipe Out,The Surfaris,41,1963-03-06,0.386,0.492,0.699,1963,60s
3fElupNRLRJ0tbUDahPrAb,I'm Waiting For The Man,"The Velvet Underground, Nico",60,1967-03-12,0.679,0.645,0.826,1967,60s
5H0laZ62yDUPuKvHef8niK,Itchycoo Park (Mono Version) - 2012 Remaster,Small Faces,55,1967-12-31,0.613,0.555,0.556,1967,60s
1wVBq2SkE1AOKoaOxUVvDC,Fire,The Crazy World Of Arthur Brown,39,2010-01-01,0.435,0.912,0.321,2010,2010s
672N8DGGTOLCOgWe0koX5g,I Wanna Be Your Dog,The Stooges,61,1969-08-05,0.527,0.871,0.107,1969,70s
1oXq63OUf43LDnNPVtfvX8,I'm A Man,The Spencer Davis Group,48,1989-01-01,0.557,0.859,0.678,1989,90s
6LbOC2J8ojSTwE6qIS4Eyh,Seven and Seven Is,Love,27,1966-11-01,0.453,0.788,0.55,1966,60s
5TysIim10uxdcYtUqftQlZ,Making Time,The Creation,39,1999-05-04,0.432,0.917,0.45,1999,2000s
3yuhWcddu8hgwlMIAyFamR,Misirlou,Dick Dale & His Del-Tones,42,1992,0.423,0.896,0.732,1992,90s
3qcyIr1omzr2MDPAvsh0it,"Mini, mini, mini",Jacques Dutronc,39,1966-06-30,0.773,0.483,0.755,1966,60s
6nnSkEpzo8PmHsOlSopoO6,Can't Seem To Make You Mine,The Seeds,47,1966,0.699,0.384,0.584,1966,60s
3NINDFPIYnyT26cWWRomOQ,Dirty Water,The Standells,47,1966-05-01,0.62,0.781,0.864,1966,60s
16iApoNZYaN6gbMtRRVV6B,Incense And Peppermints,Strawberry Alarm Clock,53,1967,0.484,0.655,0.634,1967,60s
2rzsi8v63YA1LGJE4yLRBQ,Pretty Big Mouth,Count Five,42,1966-01-01,0.587,0.573,0.686,1966,60s
5YgCmkSdGukXqK3fJlX4pQ,I Had Too Much to Dream (Last Night),The Electric Prunes,50,1967,0.358,0.554,0.419,1967,60s
6cQdZhnwKIeLud5qTD7BuQ,(We Ain't Got) Nothin' Yet,The Blues Magoos,40,1966-01-01,0.398,0.864,0.782,1966,60s
6uJXOi796U1D8iW9fj2ZGn,Funnel Of Love,Wanda Jackson,57,2020-10-23,0.6,0.593,0.912,2020,2010s
7JoPxqrnT3eq02AnflBSiN,I Want Candy,The Strangeloves,43,1965,0.669,0.848,0.661,1965,60s
1Tf9p4yyFuSDZpmnniYgNv,Psychotic Reaction,Various Artists,0,2010-02-01,0.234,0.832,0.831,2010,2010s
7tdPaJEmAVKrqMQh1YtlP3,I'm Five Years Ahead of My Time,The Third Bardo,35,2000-07-11,0.295,0.79,0.562,2000,2000s
5qBqBdfTEIWJwAS0Jm2F5R,Turn! Turn! Turn! (To Everything There Is a Season),The Byrds,66,1965-12-06,0.451,0.818,0.755,1965,60s
3VyJGPYr2DF9gdBNosSao4,Can't Find My Way Home,Blind Faith,62,1969-08,0.519,0.337,0.523,1969,70s
5ADiy8c2ir9ewoKnsGWrYs,Debora,T. Rex,0,2011-01-01,0.215,0.709,0.553,2011,2010s
0MRs5O62wfDgf5cQKalrPq,Pictures of Matchstick Men - Mono Version,Status Quo,52,1968-09-27,0.241,0.604,0.417,1968,60s
1F7euzYeo32NncoyEBo63v,Zig Zag Wanderer,Captain Beefheart & His Magic Band,45,1967,0.428,0.843,0.885,1967,60s
3uCkIqD0VzQUijbs8WIizs,These Days,Nico,66,1967-10-09,0.401,0.13,0.213,1967,60s
34miSNKQ0xN7EG8zzzaFzI,You're Gonna Miss Me (2008 Remastered Original Mono LP Version),13th Floor Elevators,53,2010,0.428,0.923,0.681,2010,2010s
74ohdXevc7VsXl96ofi3Kn,Crimson and Clover (Single Version),Tommy James & The Shondells,61,2021-02-05,0.404,0.591,0.654,2021,
5PHkCHXokZY9u29qLHlgGV,Waitin' Around to Die,Townes Van Zandt,41,1968,0.605,0.526,0.54,1968,60s
2rtaHm5SkgFzVa5Gr8oTW6,Telstar,The Tornados,43,1962-08-17,0.196,0.751,0.629,1962,60s
091roQPTeXtncbG9qXvvXK,Surfin' Bird,The Trashmen,53,1995-02-24,0.588,0.976,0.793,1995,90s
1PmLQePsJbx0n4JjX9RFUj,Johnny Remember Me,John Leyton,37,1960-11-26,0.342,0.751,0.481,1960,60s
6MOEQCtAWNSCmvg3SFKF5y,Season of the Witch,Donovan,67,1966-09,0.516,0.513,0.694,1966,60s
3jBCwLVmmfKUH8321N4bdd,Shifting Sands,The West Coast Pop Art Experimental Band,46,1967,0.226,0.585,0.655,1967,60s
4Sb3TdqgOi35RoL78Y1LtC,Complication,The Monks,15,1966-03-01,0.476,0.731,0.613,1966,60s
6ybSSVTO6vMVJUk2bM68Y7,Lies (are breaking my heart),The Knickerbockers,31,1965-01-01,0.491,0.696,0.893,1965,60s
5rGD8FFgHw74cp3RPhucyg,Maggie's Farm,Bob Dylan,46,1965-03-22,0.415,0.72,0.619,1965,60s
5mSZLysuAtdNA21mbOm0sx,Kick Out The Jams (Original Uncensored Version),MC5,43,2008-01-01,0.345,0.811,0.625,2008,2000s
3URfn21oTyGF6rIuhHsBJw,Egyptian Shumba,The Tammys,32,2013-10-21,0.338,0.794,0.879,2013,2010s
7LIKiKUV9WifyLyLhO2XaY,Light Flight,Pentangle,38,1969-10-01,0.518,0.493,0.816,1969,70s
0wwbxSLnXXws3sD0AKMfUT,Oscillations,Silver Apples,37,1968-06-01,0.492,0.553,0.431,1968,60s
14CsqOaDkOkrZ49UJLtuOJ,"So Long, Marianne",Leonard Cohen,59,1967-12-27,0.543,0.395,0.231,1967,60s
11Wda6v2dXnklOQYnJANjs,She's a Lover,The Pretty Things,36,1970-06,0.439,0.795,0.789,1970,70s
0lGEWOZvMexZFXckBJxlVO,A Minha Menina,Os Mutantes,52,1968-01-01,0.463,0.926,0.437,1968,60s
2RGoQSyesiUe15WN5ybjKw,Terry,Twinkle,32,1964-01-01,0.603,0.506,0.735,1964,60s
358jMpTqOfIOYjpcg2Ig2j,Bonnie And Clyde,Brigitte Bardot,55,1994-01-01,0.349,0.575,0.565,1994,90s
2j25bv2cpByJLaNZRKEBwR,Trouble Every Day,The Mothers Of Invention,41,1966-06-27,0.311,0.775,0.477,1966,60s
2kAs1dd5RRtwPmPLG61kbF,21st Century Schizoid Man,We Hunt Buffalo,33,2011-08-26,0.213,0.866,0.487,2011,2010s
3pYM1COOgzTV1QUokz2BSX,Death Cab for Cutie - 2007 Remaster,The Bonzo Dog Band,34,1967-10-01,0.544,0.341,0.566,1967,60s
7IyDLBtIXS2EKZEt8trS03,The Hedgehog's Song - 2010 Remaster,The Incredible String Band,36,1967,0.675,0.444,0.65,1967,60s
2WhRJwrsy57H5Mm1P3lykJ,Philosophy of the World,The Shaggs,36,2016-02-26,0.393,0.649,0.697,2016,2010s
6MqfTP3OwngywVTOS5OAFt,Memphis Soul Stew,King Curtis,55,1967,0.724,0.601,0.886,1967,60s
6eFgjBTF91pOZTQ8t7xBHv,Tell Mama,Etta James,53,1968-04-18,0.676,0.784,0.937,1968,60s
6uPuweWZXRKhP2i9sBmun4,Say It Loud - I'm Black And I'm Proud - Pts.1 & 2,James Brown,32,1969-01-01,0.83,0.44,0.943,1969,70s
0WSlOSMLJWoWUpWci9nnRb,Cissy Strut,The Meters,64,1969,0.507,0.763,0.708,1969,70s
5YdMKQEtVQG03RkRDNXGq4,Potatoe Mash,Ike & Tina Turner,31,1961-02-02,0.64,0.915,0.922,1961,60s
16dz1n3ctolQbuZPtvHVqH,Love Man,Otis Redding,61,1969,0.588,0.611,0.937,1969,70s
0vstoapfzoOlqD8zurG2uJ,Twenty Five Miles,Edwin Starr,55,1969-01-01,0.814,0.836,0.964,1969,70s
0gtTfaz5zzbJA28Ypu7k0W,Groove Me,King Floyd,52,1994-06-14,0.913,0.481,0.878,1994,90s
2geMYfXFhqZFMdrF08XSLz,Girls Can't Do What the Guys Do,Betty Wright,41,1968,0.485,0.661,0.875,1968,60s
2kzYaLoVgoNMRg4lyNTqWr,Do The Funky Chicken,"Rufus Thomas, Carla Thomas",28,2005,0.846,0.565,0.547,2005,2000s
3cEo5poFlZ9yen1ugTCbj0,There Was A Time,James Brown,28,2008-04-01,0.73,0.831,0.683,2008,2000s
35w6fQ0Wnuv7aIryRx7gTq,B-A-B-Y,Carla Thomas,59,1966,0.74,0.301,0.669,1966,60s
3zOSgkGkNBQE5V0pieRddw,Here Comes The Judge,Shorty Long,25,2000-01-01,0.699,0.458,0.608,2000,2000s
3FmaFVYVcdvvdSKr2oqKJ0,Soul Finger,Various Artists,28,2017-06-13,0.734,0.467,0.855,2017,2010s
4gBDbXvzx8uDEWrA7Qo1KZ,Papa's Got a Brand New Bag,Charles Wright & The Watts 103rd Street Rhythm Band,30,1968,0.835,0.481,0.75,1968,60s
4NL8D4RQsC6ux6eI3m3Lg5,Everybody Needs Somebody to Love,Solomon Burke,56,1998,0.629,0.543,0.858,1998,90s
2jE7FOj2T1zMy3XSLbeDd2,The Watts Breakaway,The Johnny Otis Show,29,1970-07-15,0.742,0.8,0.96,1970,70s
0pcsr9n7Pn6XOfzcvoxRB4,What a Man - Remastered Single Version,Various Artists,25,2006-06-19,0.627,0.778,0.964,2006,2000s
6uu9g2xpWSPda9SFPvrAmO,Funky Street,Arthur Conley,33,1968,0.7,0.903,0.853,1968,60s
2Zk0eoq7d6Vw0fRVRXPWnc,Shotgun,Jr. Walker & The All Stars,58,1965-02-03,0.751,0.683,0.631,1965,60s
7qCGnmcKlsSKmYZOIU2qkD,Walkin' the Dog,Various Artists,21,2018-07-27,0.784,0.532,0.83,2018,2010s
4FgpSAmdj1G6QxyPaYFwOy,Don't Knock It,Sam & Dave,30,1967,0.787,0.361,0.948,1967,60s
17Y2K7uNxMkaTDBtf1Tcv3,Let A Woman Be A Woman - Let A Man Be A Man,Dyke & The Blazers,48,2013-01-01,0.83,0.565,0.873,2013,2010s
7jGHm6VdD07oL4nqLuCBNI,Right On - Rudy Van Gelder Remaster,Boogaloo Joe Jones,30,2008-01-01,0.592,0.71,0.658,2008,2000s
7DJsL4jyXA39GDiHFQYQ0t,Mess Around,Ray Charles,61,1957-01-01,0.565,0.962,0.906,1957,60s
6IIcvtmuGpWIasqOpyGlyY,"Tighten Up, Pt. 1",Archie Bell & The Drells,50,1968,0.708,0.441,0.724,1968,60s
4NRQwaks9r58tTDvr4iEyv,In the Midnight Hour,Wilson Pickett,68,1965,0.75,0.444,0.849,1965,60s
0mfQH4OgwV8aQ7JUgVjkhd,Sing a Simple Song,The Meters,33,1969,0.588,0.8,0.828,1969,70s
3QbfWiLvHcAMYmdRPd9WnX,Sing a Simple Song - Single Version,Sly & The Family Stone,39,1969-05-03,0.463,0.693,0.735,1969,70s
62ylA6rQ8lgVn94VW00NTB,But It's Alright,J.J. Jackson,38,1969-01-01,0.627,0.803,0.961,1969,70s
2gFfG8Ick2LGOzFHiWOV22,Tramp,"Otis Redding, Carla Thomas",51,1967-03-16,0.89,0.377,0.907,1967,60s
34Craxb9QArnb4D9ztapc0,You're Starting Too Fast,Johnny Pate,27,1970-01-01,0.686,0.623,0.614,1970,70s
2DxX9x7Cmywikp14l1YUdk,Who's Making Love,Johnnie Taylor,45,1968,0.79,0.349,0.696,1968,60s
26lWSZtUQvUhTnjqokay5p,Strokin,Clarence Carter,47,2012-11-15,0.835,0.858,0.908,2012,2010s
1yAHShjpL6S7s57aBZjB2x,Bongo Rock,Various Artists,23,2017-09-09,0.717,0.725,0.877,2017,2010s
5FrCb3dn8zBDQidICpI4Q5,We Got More Soul,Dyke & The Blazers,38,2013-01-01,0.825,0.657,0.846,2013,2010s
2DeZEHRDH35GWfHMkAV6Ih,Everything I Do Goin' Be Funky,Don Covay,31,2007-03-19,0.706,0.566,0.863,2007,2000s
3evKZi4dI9Nw7Hit26XFN9,I Can't Stop Dancing,Archie Bell & The Drells,37,1968,0.565,0.729,0.818,1968,60s
5SUq4LjsJjYSGq9IIjEiBP,Licking Stick - Licking Stick,James Brown,28,1969-01-01,0.736,0.568,0.962,1969,70s
0zyyaMpWRZNSx2GqAMFKX3,Can I Change My Mind,Tyrone Davis,42,1969,0.545,0.669,0.886,1969,70s
5LxvwujISqiB8vpRYv887S,I Want You Back,The Jackson 5,80,1969-12-18,0.469,0.538,0.886,1969,70s
5QC0qgroozRGGHAJuTsP4c,Different Strokes,Syl Johnson,44,1968-01-01,0.838,0.743,0.785,1968,60s
3GdvI6fsbGQXkYR2xoMLQ3,Kool & The Gang,Kool & The Gang,31,1970-01-01,0.61,0.782,0.704,1970,70s
0NFLJaA6Pwha8Yd2lGPKzw,I'm Shakin',Little Willie John,31,2013-01-11,0.566,0.727,0.682,2013,2010s
08ybbD5OdywKrC0vuFBhRt,"A Dance, a Kiss and a Song",Charles Wright & The Watts 103rd Street Rhythm Band,24,1968,0.552,0.456,0.948,1968,60s
22t9iuxxXPGYuRZ0R0Mgej,Doin' Our Thing,Clarence Carter,26,1969,0.679,0.562,0.915,1969,70s
1NAIlRHOyqXyXoJfDzVxAM,There Was A Time - Live At The Apollo Theater/1967,James Brown,27,2013-01-01,0.823,0.68,0.607,2013,2010s
6mRWYqhRPJVyYpLOLvbtRg,Mother Popcorn - Pt. 1,James Brown,41,1969-01-01,0.944,0.748,0.898,1969,70s
6y8o4V2R2dSt2ijgL8C72W,(I Know) I'm Losing You,The Temptations,45,1967-07-17,0.634,0.503,0.813,1967,60s
2JjIeCdqjAlvUqA4FUmjuB,In The Middle (Parts 1 And 2),James Brown,27,1969-01-01,0.737,0.65,0.64,1969,70s
2FgQdU4HiNU78uKGK2sXhv,Black Boy From the Ghetto,Dyke & The Blazers,28,2013-01-01,0.732,0.804,0.872,2013,2010s
6g2RtR71Qj12dKQIwPpFJc,Bold Soul Sister,Ike & Tina Turner,34,1969-01-17,0.775,0.688,0.93,1969,70s
46Yw4kZuQEhGY2qN9Yd5lt,You Can't Miss What You Can't Measure,Clarence Carter,28,1969,0.608,0.525,0.96,1969,70s
5kw1G5yV00UUUHCIaTZFIt,She's Lookin' Good,Tyrone Davis,24,1969,0.432,0.854,0.368,1969,70s
1mvsBRtgjW7sxKRNguQtz4,Here Comes the Meter Man,The Meters,39,1969,0.569,0.888,0.896,1969,70s
1VsMIGb2CX63J2Yt1sa12v,The Worm,Jimmy McGriff,38,1968,0.764,0.695,0.961,1968,60s
5uBhxCjIZbTYTlDnyPaG9t,Jungle Strut,Gene Ammons,32,1994-01-01,0.646,0.625,0.55,1994,90s
1eUfBAAMu5Sf3vF9H2QNfX,The Love of My Woman - Single Version; Remastered,Various Artists,18,2006-06-19,0.752,0.729,0.969,2006,2000s
5ECdtBtFPaOe1wMfLKMsro,It's Your Thing,The Temptations,24,1969-01-01,0.53,0.746,0.7,1969,70s
2e8ydLYXuH7MEj9eGjqlaz,I Can't Stand Myself (When You Touch Me),James Brown,27,1968-03-01,0.84,0.733,0.755,1968,60s
6vJCfp5FWFiiLpp8l8azbp,O' Baby (I Believe I'm Losing You),Billy Hawks,30,1968-01-01,0.698,0.656,0.606,1968,60s
6TlXKWSyZuHMS4qANLwVgE,No Way,Boogaloo Joe Jones,27,1998-01-01,0.491,0.567,0.745,1998,90s
2FCiuaXNE1kjwSoAvso4vT,The Horse,Cliff Nobles,39,2008-01-01,0.647,0.571,0.922,2008,2000s
0AQquaENerGps8BQmbPw14,Big Iron,Marty Robbins,71,1959,0.726,0.474,0.57,1959,60s
5DTOOkooKFUvWj1XQTFa09,The End of the World,Skeeter Davis,67,1994-05-23,0.232,0.216,0.432,1994,90s
6zQnzN80m28yNfz544YBI2,Don't Come Home A-Drinkin' (With Lovin' On Your Mind) - Single Version,Loretta Lynn,49,2005-01-01,0.75,0.571,0.946,2005,2000s
3XG7bMVcMWLIn2k9jLAaAt,King Of The Road,Roger Miller,64,1965-01-01,0.67,0.272,0.613,1965,60s
2Cb2l4UoXynCHCeCYHRZN8,Stand By Your Man,Tammy Wynette,53,1968,0.563,0.331,0.608,1968,60s
6h3YJ05BovN1Pgk145J3r9,Mama Tried,Merle Haggard,61,2006-01-01,0.738,0.538,0.81,2006,2000s
1FAtkmz8kFmbq4VmOf79fb,Right Or Wrong,Wanda Jackson,43,2007-01-01,0.425,0.291,0.393,2007,2000s
0mLoTgCB8oU0sJGojRtvDu,Gentle On My Mind - Remastered 2001,Glen Campbell,61,1967,0.597,0.415,0.826,1967,60s
762yvPz59OMgb7gGLws6Vi,Act Naturally,Buck Owens,60,1990-08-13,0.56,0.378,0.71,1990,90s
79nJj5dMyTsUzKvN5jUXsJ,I Can't Stop Loving You,Ray Charles,63,2009-06-02,0.31,0.279,0.377,2009,2010s
2LyRC7gfWFJd6JI5i8fTJe,The Race Is On,George Jones,59,1964-11-01,0.428,0.701,0.918,1964,60s
41jCeKeeVTxxDli1XdCPnx,You Ain't Woman Enough - Single Version,Loretta Lynn,45,2005-01-01,0.681,0.45,0.817,2005,2000s
61uAY9xdzYiIbYJ07XvKso,Big Bad John,Jimmy Dean,55,2004-06-22,0.516,0.457,0.455,2004,2000s
7gtrXOGETM9OkerNjNXeie,Waiting Around to Die,Townes Van Zandt,55,1969-09,0.551,0.233,0.659,1969,70s
6zFsz86nAj5gcvzyVqNL3k,I Fall To Pieces - Single Version,Patsy Cline,64,1961-11-27,0.54,0.0568,0.506,1961,60s
4dim8F8t01qimHOmr6S3Gd,Hello Walls,Faron Young,55,2000-01-01,0.62,0.406,0.695,2000,2000s
4FdDorlbJTVHcH3djLbIfn,Ode To Billie Joe,Bobbie Gentry,55,1967-08-21,0.637,0.189,0.695,1967,60s
15TITugVC8RrpLctHXOqT8,Daddy Sang Bass,Johnny Cash,59,2002-02-12,0.681,0.638,0.677,2002,2000s
2sZIclzhHlH8tzf7wry9hK,Harper Valley P.T.A.,Jeannie C. Riley,54,2013-09-30,0.795,0.448,0.96,2013,2010s
7ledv9CTjqdwnvHgRmETyZ,Flowers On the Wall,The Statler Brothers,54,1996-03-12,0.784,0.451,0.78,1996,90s
42mWEvGlwKGhVQs8XkvQKP,She Thinks I Still Care,George Jones,53,1962-01-01,0.591,0.424,0.613,1962,60s
0HLBLRkkTOlAmjonShicD0,I'll Be Here in the Morning,Townes Van Zandt,55,1969-09,0.558,0.17,0.635,1969,70s
7e4jSwxQw6w4qHc9WmAh7c,Okie From Muskogee,Merle Haggard,53,1996-01-01,0.59,0.394,0.717,1996,90s
5xMNjx7uqCzMpJZSo4Wq55,"A Boy Named Sue - Live at San Quentin State Prison, San Quentin, CA - February 1969",Johnny Cash,59,1969-06-04,0.63,0.489,0.796,1969,70s
20iH1uibQIUqNFk3wzG7AG,Dang Me,Roger Miller,52,1996,0.564,0.378,0.687,1996,90s
2HKafPuzWaKsCzcE3zFOIX,Poetry In Motion - 1960 #2 Billboard chart hit,Johnny Tillotson,52,1962,0.485,0.706,0.912,1962,60s
5f38UWziNmvOjdMHvwxsL9,D-I-V-O-R-C-E,Tammy Wynette,46,1969,0.619,0.33,0.602,1969,70s
1D2mV1f9QkklP6vy0sdBI9,Leavin' On Your Mind - Single Version,Patsy Cline,52,1963-06-10,0.493,0.0719,0.385,1963,60s
0sJchoPZwC2MV8WzZRoZUk,The Last Thing On My Mind,"Porter Wagoner, Dolly Parton",51,2015-10-02,0.611,0.412,0.713,2015,2010s
1Pj6cjIyqBBnl82qJwi1Kb,She's Got You,Patsy Cline,43,2004-06-22,0.387,0.186,0.607,2004,2000s
7DH5dXVuQaqcKf9oTy9oUN,He'll Have to Go,Jim Reeves,51,1997-02-14,0.554,0.186,0.2,1997,90s
2kzVFcp3kSU1Qld4dYBM7L,Skip a Rope,Henson Cargill,50,1988,0.623,0.51,0.54,1988,80s
1guPCVBMmglx2m1DM0xOBu,Once a Day,Connie Smith,50,1965,0.502,0.353,0.751,1965,60s
2IVpJWwVPGlfSeZ4uXgGb3,Phantom 309,Red Sovine,49,2005,0.501,0.571,0.753,2005,2000s
1YaPhbIo2oKWT5ejlMEL5Z,Fist City,Loretta Lynn,51,1968-04-22,0.656,0.556,0.915,1968,60s
2hh6RGmBNTGB7fi62fYgUL,Why Do I Love You So - 1960 #42 Billboard chart hit,Johnny Tillotson,50,1962,0.385,0.257,0.617,1962,60s
1phh5V7T5JAaiIww22ARZk,Ballad Of Forty Dollars,Tom T. Hall,49,1995-09-01,0.559,0.658,0.799,1995,90s
5kDQ02FBkj0Hx7YUGPcuhO,Swinging Doors - Re-Recorded,Merle Haggard,48,1996-01-01,0.808,0.376,0.591,1996,90s
1GDAvJth0ebssC2XkG7RYM,I've Got A Tiger By The Tail - 2006 Remastered Version,Buck Owens,48,2006-08-01,0.701,0.497,0.963,2006,2000s
2Krnm3qWdy4VG5vTkT0cDn,Almost Persuaded,David Houston,48,1966,0.251,0.338,0.353,1966,60s
1Y6THdMlU9Cr4lgnUAR09L,Walk On By,Leroy Van Dyke,48,1995-01-01,0.58,0.452,0.949,1995,90s
4xpjtAqc46tg04BzHTZnz2,Welcome to My World,Jim Reeves,47,1997-02-14,0.341,0.252,0.399,1997,90s
6VUXsWN3aNqEhaPawlFjep,Does My Ring Hurt Your Finger,Charley Pride,47,1967-12-01,0.399,0.35,0.667,1967,60s
58ojWS1EGL6z5rEOELtJmH,Devil Woman,Marty Robbins,47,1996-03-12,0.684,0.277,0.642,1996,90s
0dc0eU5THc1uE0Q0KV73XN,"Please Help Me, I'm Falling",Hank Locklin,47,2003-03-03,0.552,0.336,0.553,2003,2000s
6oXkUmLOdmsEQS4AlEIKZ8,Galveston,Glen Campbell,47,2011-01-01,0.45,0.527,0.731,2011,2010s
30jEnUWPJIt6zh25s2Kbh0,Little Green Apples - Single Version,Roger Miller,47,1968-06-01,0.507,0.18,0.42,1968,60s
32zPvvt7K2nZIbQl7cMM3F,It's Such A Pretty World Today,Various Artists,46,2013-01-01,0.622,0.344,0.673,2013,2010s
2VN8jqhBgwIsU849PKxCfE,Branded Man - Remastered,Merle Haggard,46,2001-01-01,0.731,0.465,0.519,2001,2000s
2B4IYgIkBnemrp0YEkaUIH,Let's Have A Party,Wanda Jackson,54,1958-07-21,0.522,0.901,0.916,1958,60s
5bA26v8eeZrbHJpD4YPKAX,Abilene,George Hamilton IV,46,1963-12-17,0.63,0.448,0.753,1963,60s
0jvmlZJZCaTZLMh3yfL6Y5,Stop the World (And Let Me Off),Waylon Jennings,46,1966-03-14,0.433,0.582,0.826,1966,60s
6ekSX8AVzwRSs0mbSlPc0R,Jackson (with June Carter Cash),June Carter Cash,46,1952,0.707,0.483,0.79,1952,60s
5z82O18NokdKypb5KwqHmf,Above And Beyond,Buck Owens,45,1966-12-22,0.424,0.668,0.782,1966,60s
2STy18bfCVP8v6aOu2CliZ,You Belong To Me,Patsy Cline,55,1962,0.577,0.0725,0.326,1962,60s
3i5bJFIAkgoZqJoRAQqAKO,Me And Bobby McGee,Roger Miller,45,1996,0.538,0.492,0.899,1996,90s
4zzcta2PO7TIs9YuXZ6G2u,The Bottle Let Me Down,Merle Haggard,45,2010-01-01,0.705,0.451,0.704,2010,2010s
7lSgl6fOpD1aeeXS1mhKcd,Just Between You and Me,Charley Pride,45,1996-10-14,0.527,0.439,0.659,1996,90s
3kDSSR6noFrYJBxijqEVm3,The Streets of Baltimore,Bobby Bare,45,1966-08-22,0.578,0.447,0.808,1966,60s
26sTWQPzFMKv1gNuQFcaxI,Men With Evil Hearts,Dottie West,36,2023-05-19,0.466,0.643,0.809,2023,
3CRQJXjhNZiyvoNc3RIcwr,Am I Losing You,"Jim Reeves, Patsy Cline",45,1989-09-21,0.528,0.121,0.38,1989,90s
5uGMzzZW2XxHvSziwt9T3y,Together Again,Buck Owens,45,1990-08-13,0.427,0.178,0.537,1990,90s
0mSywazXcVFQZRk2Gg9ImX,I Don't Wanna Play House,Tammy Wynette,45,1969,0.546,0.258,0.464,1969,70s
5Lb38fmngYVaPkLYHuAThe,Homecoming - Single Version,Tom T. Hall,44,1995-09-01,0.617,0.357,0.666,1995,90s
3ykinxbR3mQYkMHCA47GWr,Love's Gonna Live Here - Mono Single Version,Buck Owens & The Buckaroos,44,2016-12-09,0.591,0.652,0.942,2016,2010s
0LpmpBulMgAwtdC3YYgkql,Six Days On The Road,Dave Dudley,44,2002-01-01,0.703,0.549,0.919,2002,2000s
7eNM9suHz80f4fbC8aobod,Detroit City,Bobby Bare,45,2004-06-18,0.519,0.319,0.473,2004,2000s
321EGZZRFk8kj4pNZraesQ,Take Me,George Jones,44,2006,0.427,0.209,0.333,2006,2000s
1ZNDtli4TjhuoBnWplaePI,Don't Let Me Cross Over,Carl Butler,43,1963-12-17,0.59,0.188,0.521,1963,60s
5M7otrtSBGd61OqS99RWm0,Sea of Heartbreak,Don Gibson,43,2014-03-28,0.594,0.48,0.799,2014,2010s
4KRLWRl1bFjnXhY5MgZWrM,May the Bird of Paradise Fly up Your Nose,Little Jimmy Dickens,43,1965,0.66,0.801,0.867,1965,60s
7uoR7OHB4pJt1LPL128prk,Lonesome 7-7203,Hawkshaw Hawkins,43,2005,0.78,0.279,0.469,2005,2000s
47HkYPYpZeW91xbsNj8HTl,Stupid Cupid,Wanda Jackson,43,1961-01-01,0.642,0.667,0.968,1961,60s
7GjmzKbriJewFNDPJtVjey,Wolverton Mountain,Various Artists,43,1990-09-01,0.629,0.335,0.834,1990,90s
0dPfKBYyPmoSfoLJqeKAs4,Don't Worry,Marty Robbins,42,1996-03-12,0.648,0.165,0.435,1996,90s
2mqXqQnxcFq5tmG98kUQZw,Blue Kentucky Girl,Loretta Lynn,48,1965-01-01,0.679,0.402,0.484,1965,60s
71gllRzHoMKgU7b2y0OfM7,500 Miles Away from Home,Bobby Bare,44,2004-06-18,0.519,0.374,0.521,2004,2000s
73AgVwYUEPn9kB0a97b4LW,Pop a Top,The Browns,42,1996-01-30,0.524,0.497,0.913,1996,90s
61l4nlG7v1D9V14PfBWz0P,Walk Through This World With Me,George Jones,42,1972,0.457,0.208,0.426,1972,70s
3vMwtAfDNM8dDBWMvS78pn,Chug-A-Lug,Roger Miller,42,2006-01-01,0.699,0.408,0.842,2006,2000s
2jfHjFG4pT0bTTbvSDcOv6,The Image of Me,Conway Twitty,42,2017-10-06,0.557,0.438,0.45,2017,2010s
7rbvjRc6ZTVA3GUXDx3Xtr,Last Date - Instrumental,Floyd Cramer,42,1979,0.615,0.306,0.613,1979,80s
6Ss6vCdWHgCuiB3icgBAwY,Green Green Grass Of Home,Porter Wagoner,41,2005,0.676,0.334,0.592,2005,2000s
7GafJyGdVj7ahXo96LwFM4,Make the World Go Away,Eddy Arnold,41,2013-11-19,0.214,0.215,0.477,2013,2010s
7nSjdcQueimUqsDsBq7orE,Yesterday When I Was Young,Roy Clark,41,1996-03-15,0.478,0.388,0.337,1996,90s
2DD8OhehvkzSFeoRW0u7Gb,Wings Of A Dove,Ferlin Husky,41,1989-01-01,0.498,0.555,0.888,1989,90s
1rFGwz7rswOuW2IdXPd0fv,I've Been Everywhere - Remastered,Hank Snow,41,2013-11-19,0.449,0.537,0.961,2013,2010s
1FrG5yYxDbusk4dK3pQ9le,(That's What You Get) For Lovin' Me,Waylon Jennings,40,2007-05-01,0.608,0.684,0.873,2007,2000s
0ulPILleWfE1NBzUWIiNi9,"Saginaw, Michigan",Lefty Frizzell,40,1964-07-01,0.596,0.366,0.853,1964,60s
0fabZNPJqBJBfwzDxuKQTi,Send Me The Pillow You Dream On,Johnny Tillotson,39,1962,0.438,0.316,0.398,1962,60s
1Y2G8nl3CGR3qMPDDBuDhb,Don't Touch Me,Jeannie Seely,39,1966-01-01,0.383,0.0557,0.197,1966,60s
3hCOH1pgpQmaTWgR58OFS2,A Six Pack To Go,Hank Thompson,39,1972,0.571,0.376,0.617,1972,70s
5b3Bvd2m81gEQRWrShNkx2,The Carroll County Accident,Porter Wagoner,41,1997-04-26,0.643,0.504,0.705,1997,90s
6tYRg3XkDpjlST4XBMcnjX,Timber I'm Falling,Ferlin Husky,40,2005,0.757,0.701,0.884,2005,2000s
2QS8C4T3H1hYpnADMpq8Uz,Wine Me Up,Faron Young,39,2013-10-23,0.547,0.254,0.903,2013,2010s
0aoQV1TuaTrcpJaMfJ3wgj,"Alegria, Alegria - Remastered 2006",Caetano Veloso,51,1967-01-01,0.198,0.432,0.736,1967,60s
0HMa3XCtloTdy3cL00lWNz,Domingo no Parque,Gilberto Gil,40,1968-01-01,0.433,0.707,0.579,1968,60s
4cMbAhrwsZsAHceaGvZy9y,Tropicália - Remastered 2006,Caetano Veloso,47,1967-01-01,0.51,0.696,0.384,1967,60s
0Dmnb3C3GaGdyjlyWaWLDr,Panis Et Circenses,Os Mutantes,44,1968-01-01,0.33,0.862,0.387,1968,60s
3FPA7d87E4QoioTJNQTjFu,Lindonéia,Nara Leão,20,2008-01-01,0.496,0.339,0.629,2008,2000s
2o9IlFNQ5OwwTrelARyePv,Parabolicamará,Gilberto Gil,40,1991,0.723,0.837,0.797,1991,90s
3eB6ZFCrkLkXwpwlxlQR8M,Bat Macumba - Remastered,Various Artists,32,1968,0.751,0.737,0.772,1968,60s
6cFDoMUWukMXS1ZJ5YOMQ1,Que Maravilha,Jorge Ben Jor,26,2000-01-17,0.484,0.446,0.539,2000,2000s
4oSozk7zlpzk4HPkHLREI1,São São Paulo,Tom Zé,33,2000-09-03,0.357,0.38,0.632,2000,2000s
3XxUGzfcyOYFiV86mQcKSy,Miserere Nobis - Remastered,Various Artists,35,1968,0.449,0.468,0.19,1968,60s
2ZM9Ee68hmUuztCIdYVetd,Cadê Tereza,Jorge Ben Jor,46,1969-01-20,0.412,0.855,0.847,1969,70s
7CjSjWTdVPD0ov82Qz55Xb,Aquele Abraço,Gilberto Gil,55,1969-01-01,0.446,0.793,0.901,1969,70s
2tGDLtinIaepvrlICaDciX,Atrás Do Trio Elétrico,Caetano Veloso,32,1977-01-01,0.543,0.512,0.929,1977,70s
1e0RVHOoVW6emvP9gDNypY,2001 (Dois Mil E Um),Os Mutantes,36,1969-01-01,0.286,0.897,0.598,1969,70s
1VG0de3IPyvdLrAEdhKOgH,Enquanto Seu Lobo Não Vem - Remastered,Various Artists,25,1968,0.55,0.54,0.757,1968,60s
5b0HavLt7q0r6gIVbsOkl3,Lindonéia - Remastered,Various Artists,31,1968,0.588,0.419,0.581,1968,60s
0NhC1u54yGpcVLc28JO5yc,Mamãe Coragem,Gal Costa,31,2005-01-01,0.398,0.521,0.4,2005,2000s
0C13P4IghHNFPjt4zIJ8vX,Baby,Gal Costa,57,1969-01-01,0.356,0.272,0.509,1969,70s
6aJBhhaoMJ1UToAUtzE3zb,Coração Materno - Remastered,Various Artists,25,1968,0.248,0.232,0.234,1968,60s
4To7GcJUXT1LvSe8jY6dqL,Hino Do Senhor Do Bonfim - Remastered,Various Artists,30,1968,0.393,0.524,0.405,1968,60s
2PzU4IB8Dr6mxV3lHuaG34,(I Can't Get No) Satisfaction - Mono Version,The Rolling Stones,80,1965-07-30,0.723,0.863,0.931,1965,60s
6WE7jSshLCuVKoCmobVKVf,Heartbreaker - 1990 Remaster,Led Zeppelin,67,1969-10-22,0.403,0.709,0.654,1969,70s
7jGzYUZ2Bgg8BDfYlQRfn8,Wild Thing,The Troggs,66,1966-07-25,0.453,0.658,0.761,1966,60s
75zMKn5euxQdlkZgu4P42J,Sympathy For The Devil,The Rolling Stones,65,1989-08-15,0.728,0.681,0.578,1989,90s
4u9f8hqstB7iITDJNzKhQx,My Generation - Stereo Version,The Who,67,1965-12-03,0.412,0.782,0.705,1965,60s
6hu1f1cXSw7OAqhpSQ2zDy,Dazed and Confused - 1990 Remaster,Led Zeppelin,65,1969-01-12,0.271,0.553,0.433,1969,70s
0j3p1p06deJ7f9xmJ9yG22,Back In The U.S.S.R. - Remastered 2009,The Beatles,65,1968-11-22,0.48,0.969,0.494,1968,60s
5UgT7w6zVZjP3oyawMzbiK,The End,The Doors,63,1967-01-04,0.347,0.302,0.0332,1967,60s
1ntxpzIUbSsizvuAy6lTYY,Crosstown Traffic,Jimi Hendrix,63,1968-10-25,0.486,0.963,0.533,1968,60s
7aTCCNpHJD2Jgv0LLVJb8Y,Up On Cripple Creek,The Band,61,1969-09-22,0.719,0.67,0.96,1969,70s
042v1NacbKJzCyi6nBme7T,Mr. Soul,Buffalo Springfield,60,1967-10-30,0.674,0.706,0.961,1967,60s
6PUabSMXmPnZna361Wwmf7,Crossroads - Live,Cream,60,1968-07-01,0.391,0.756,0.839,1968,60s
3Z25k4ZF6QENy2d9YatsM5,I Want You (She's So Heavy) - Remastered 2009,The Beatles,64,1969-09-26,0.37,0.515,0.42,1969,70s
5JcaA4A9ZoXthwEnxOxWvP,Psychotic Reaction,Count Five,55,1966-01-01,0.358,0.753,0.688,1966,60s
7B9F9nLxe7MZgZ68Jj86Fn,I Can See For Miles - Mono Version,The Who,53,2021-04-23,0.338,0.815,0.199,2021,
1exUq8aG2OMbSeZeTwz06k,In-A-Gadda-Da-Vida - 2006 Remaster Full-Length,Iron Butterfly,52,1968-06-14,0.548,0.452,0.5,1968,60s
55LRDFmsuazr533WrtHHW9,Jumpin' Jack Flash - Mono,The Rolling Stones,52,1966-01-01,0.596,0.901,0.621,1966,60s
4fUKE8EULjQdHF4zb0M8FO,Sgt. Pepper's Lonely Hearts Club Band - Remastered 2009,The Beatles,62,1967-06-01,0.451,0.673,0.583,1967,60s
6URu54HPMyL9SjnzXn607m,Walk In My Shadow,Free,48,1968-03-14,0.532,0.548,0.902,1968,60s
4JFG8RLpi8m0xhjYmstb38,Evil Ways,Santana,48,1969-08-30,0.701,0.529,0.75,1969,70s
5sDkshrjOrTPhVPLgLYFlr,Save Me,Various Artists,21,2015-04-20,0.904,0.661,0.962,2015,2010s
7CAhxeaTYXn1qWNRkZl9ad,"Everybody's Talkin' - From ""Midnight Cowboy""",Harry Nilsson,0,1967,0.412,0.473,0.676,1967,60s
6LsY0qKAPK4XZt8PiZ9Cxc,For What It's Worth,Various Artists,35,2017-08-10,0.64,0.278,0.787,2017,2010s
7CRWSQ80FMpQ1VJESGumbD,Darling You Send Me,Various Artists,21,2013-09-20,0.72,0.59,0.756,2013,2010s
6DDGCmpgMDz7NjJT19bBXN,I Got You (I Feel Good),Various Artists,0,2015-03-07,0.562,0.539,0.691,2015,2010s
4Lk0NR22oTuuT3LARm7Sv9,My Baby Just Wrote Me a Letter,Smoke Trio,14,2016-03-20,0.932,0.489,0.963,2016,2010s
00HqgfXshp05X3tuFTioQY,Stand By Me,Various Artists,36,2016-11-11,0.669,0.262,0.684,2016,2010s
7xIVZ3B0Anfrvqij3Hgyq8,Baby I Love You,Various Artists,6,2015-04-20,0.6,0.738,0.875,2015,2010s
0zex2SX7o2pkJzi73C4m9o,My Girl,Various Artists,38,2017-04-29,0.493,0.408,0.674,2017,2010s
5kCvC47iCIN1K7VdPk8itZ,Pale Blue Eyes,Fran Mena,36,2018-10-20,0.613,0.159,0.109,2018,2010s
2vPXTVEvf9IsjGs54Zouwn,Land of 1000 Dances,Various Artists,31,2016-11-11,0.618,0.588,0.768,2016,2010s
372pMIXXDnK3jyCepolZeg,It's Been a Hard Day's Night,Budd Bug,27,2014-11-20,0.618,0.773,0.759,2014,2010s
7j8fmHdvTgV36ZDfJbqvSD,Goodbye Ruby Tuesday,Smoke Trio,6,2016-03-20,0.742,0.352,0.294,2016,2010s
0FD8KMG4pHp0O9clTpChjp,I Say a Little Prayer,Aretha Franklin,54,2017-03-25,0.59,0.355,0.499,2017,2010s
4rUPbg29jCbLkaNXjZ3nBJ,The House That Jack Built,Various Artists,5,2015-04-20,0.557,0.653,0.783,2015,2010s
7jiONBc02xQcAqGgYej9iv,Don't Let Me Be Misunderstood,Various Artists,19,2015-04-20,0.624,0.772,0.802,2015,2010s
7cKeMrlyGpfOshlldqoILo,Rescue Me,Various Artists,0,2016-04-22,0.733,0.579,0.963,2016,2010s
59WvG4zFMQqG6oOEZK9gB4,I'm a Believer,Various Artists,31,2017-08-10,0.503,0.772,0.935,2017,2010s
79SCNxGlJ7KMz7RVrkw44w,Please Mr. Postman,The Marvelettes,0,1991-01-01,0.784,0.783,0.966,1991,90s
6UdCTwbVAvNqbWyZKZiRWL,My Generation - Original Mono Version,The Who,0,1965-12-03,0.332,0.822,0.745,1965,60s
2PQRDAeWHCSowSRsldVUey,Hush,Various Artists,5,2015-04-20,0.668,0.696,0.621,2015,2010s
64gpgh5jBMxyh7iVJll23t,The Sound of Silence,Simon & Garfunkel,0,2002-10-14,0.531,0.217,0.34,2002,2000s
41ptDtQcJSwWdU5oMcIstt,Crimson and Clover,Fran Mena,13,2016-04-20,0.551,0.222,0.389,2016,2010s
5KwbWPmwnOoXNqdMhh2S3m,Sunny Afternoon,The Kinks,0,1966-10-28,0.564,0.535,0.463,1966,60s
4R6LAvOMzkTJcFbSOmmEh9,The Twist,Chubby Checker,0,1961-01-01,0.533,0.638,0.937,1961,60s
3KsHOGSlc7Ww8OJ9aBHazv,Take a Load off Annie,Various Artists,6,2015-04-20,0.538,0.735,0.665,2015,2010s
1LuiFfr53rFe1FijKyyV1B,The Locomotion,Little Eva,17,2017-07-06,0.615,0.85,0.925,2017,2010s
1dZhhSHH6cfqvR5fwvvO2d,The House of the Rising Sun,Various Artists,43,2017-04-24,0.316,0.484,0.299,2017,2010s
6KVtpxQkvescsGkC9GOrCs,Cinnamon Girl,Various Artists,5,2016-06-22,0.583,0.652,0.656,2016,2010s
63OFKbMaZSDZ4wtesuuq6f,Born To Be Wild,Steppenwolf,76,1968,0.438,0.71,0.53,1968,60s
6kYTNZDL2pyMPWfJLcpiZU,Crossroads,Various Artists,16,2015-04-20,0.548,0.842,0.951,2015,2010s
6eN6IFp4ppKBPT61dylWWl,I Got You Babe,Various Artists,34,2017-08-10,0.629,0.795,0.6,2017,2010s
0g6UcrVsACnRJyTGX6uSHu,Gimme Some Lovin' - Single Mix,Various Artists,0,1991-01-01,0.493,0.688,0.533,1991,90s
6iKSKHgjyeDhD8iisd4PLL,Mrs. Robinson,Various Artists,49,2001-10-02,0.608,0.513,0.796,2001,2000s
19jo0UT2vqD4pNVfIqTy4R,River Deep - Mountain High,Tina Turner,51,2008-09-30,0.621,0.972,0.866,2008,2000s
3LJHIsC9h0x0RwCLqogcHi,(Sittin' On) the Dock of the Bay,Various Artists,29,2016-11-11,0.741,0.28,0.504,2016,2010s
3iSws76HjaU7k49EqJVTfF,"Sugar, Sugar",The Archies,67,2007-11-07,0.736,0.871,0.967,2007,2000s
4kMW5gP0OpqX0ySKJdi0YF,Eve of Destruction - Acoustic,Various Artists,5,2015-04-20,0.795,0.745,0.717,2015,2010s
0URp9jOJtiWKR1AfMGH2Qj,Twist And Shout,The Isley Brothers,0,1962,0.774,0.811,0.963,1962,60s
6nEkxYIEnrbYH7h1hJ8Xn6,She Loves You - Mono / Remastered,The Beatles,59,2000-11-13,0.377,0.916,0.912,2000,2000s
56tnp7BQSGgfZd7HIaS5qH,I Want You Back,Various Artists,0,1996-01-16,0.664,0.524,0.952,1996,90s
0MKqeOVdZcUFGJvWpGCKbG,Come Together - Remastered,The Beatles,0,1969-09-26,0.533,0.376,0.187,1969,70s
44eI9D3jNv02kFYF3USMue,Sunshine of Your Love,Various Artists,4,2015-04-20,0.667,0.756,0.851,2015,2010s
5LPGZnsy07YNxeuTI1X3RT,"American Woman - 7"" Single Version",The Guess Who,49,2003-05-06,0.538,0.841,0.881,2003,2000s
3t7VYEzgcTDWXpEmHQAOVs,"B-A-B-Y (From ""Baby Driver"")",Carla Thomas,36,2017-07-14,0.709,0.45,0.645,2017,2010s
0sDqo9UPzPUtu9wEkI3zRB,The Weight - Remastered,The Band,0,1968-07-01,0.63,0.519,0.502,1968,60s
5R2DZitRTDYtrkCoJiddct,Stay,Various Artists,58,1987-09-24,0.555,0.404,0.736,1987,80s
1IqFh00G2kvvMm8pRMpehA,Me and Bobby McGee,Janis Joplin,72,1971-01-11,0.43,0.463,0.66,1971,70s
4MLBqAEzNN89o2M9h92Z26,Get Back - Remastered 2009,The Beatles,71,1970-05-08,0.761,0.592,0.332,1970,70s
2Gy7qnDwt8Z3MNxqat4CsK,Wouldn't It Be Nice,The Beach Boys,70,1966-06-16,0.392,0.629,0.72,1966,60s
4YMQXzscifAREG0a7KNGhB,Black Magic Woman - Single Version,Santana,70,1994-07-01,0.489,0.349,0.622,1994,90s
3VbGCXWRiouAq8VyMYN2MI,Love Me Do - Remastered 2009,The Beatles,69,1963-03-22,0.52,0.829,0.744,1963,60s
0YZ3J8xzGwLOg4yEgST1YK,With A Little Help From My Friends,Joe Cocker,68,1969-05-01,0.307,0.43,0.305,1969,70s
25IiJu0DjOqsnQXgNHWp5i,Will You Love Me Tomorrow,The Shirelles,67,2005,0.527,0.308,0.514,2005,2000s
0D1pEisM3QkiacGXJe5dmd,(You're The) Devil in Disguise,Elvis Presley,67,2002-09-24,0.481,0.733,0.874,2002,2000s
2HCaIYjkvWSZzaSKUoOh3d,Mr. Tambourine Man,The Byrds,65,1965-06-21,0.456,0.47,0.639,1965,60s
45Szkclj1lt4ubm7RFK68t,Runaway,Del Shannon,65,1961-01-01,0.594,0.533,0.729,1961,60s
7hxZF4jETnE5Q75rKQnMjE,I Walk the Line,Johnny Cash,65,1970-11-11,0.713,0.258,0.56,1970,70s
4591VqUIXysNlmI5NcAIUd,My Guy,Mary Wells,65,1964,0.691,0.581,0.91,1964,60s
6YTBfxkdGce9pLEy9jG9Jo,Mais Que Nada,Sergio Mendes & Brasil '66,64,1972-01-01,0.637,0.493,0.932,1972,70s
3c2kMiSB86tVq1J4oULmvL,Groovin',The Young Rascals,63,1967,0.605,0.455,0.678,1967,60s
7wLRmjiDYI6flIVzboUqSV,You've Really Got A Hold On Me,The Miracles,62,1963-01-01,0.68,0.448,0.567,1963,60s
3fnPv1LRMxENr63afVhaz1,Honky Tonk Women,The Rolling Stones,61,2019-11-29,0.56,0.721,0.966,2019,2010s
